Order ID,Order Date,Ship Date,Ship Mode,Segment,Region,Category,Sub-Category,Sales,Quantity,Discount,Profit
ORD-1000,2022-04-13,2022-04-16,Second Class,Corporate,Southeast,Furniture,Binders,156.01,8,0.1,45.71
ORD-1001,2022-12-15,2022-12-18,Second Class,Home Office,Midwest,Furniture,Tables,421.87,5,0.0,119.17
ORD-1002,2022-09-28,2022-09-29,Standard Class,Home Office,Midwest,Office Supplies,Binders,280.64,2,0.4,-17.52
ORD-1003,2022-04-17,2022-04-23,Same Day,Home Office,South,Technology,Paper,199.43,9,0.1,39.53
ORD-1004,2022-03-13,2022-03-15,First Class,Corporate,West,Office Supplies,Binders,320.16,3,0.0,103.76
ORD-1005,2022-07-08,2022-07-10,Standard Class,Corporate,South,Furniture,Chairs,25.92,2,0.3,0.49
ORD-1006,2022-01-21,2022-01-26,Second Class,Home Office,South,Furniture,Accessories,88.62,1,0.3,-18.39
ORD-1007,2022-04-13,2022-04-15,Same Day,Consumer,South,Office Supplies,Binders,376.3,8,0.0,81.68
ORD-1008,2022-05-02,2022-05-06,Standard Class,Corporate,Midwest,Office Supplies,Accessories,137.2,3,0.2,15.82
ORD-1009,2022-08-03,2022-08-05,First Class,Consumer,South,Furniture,Paper,307.04,7,0.2,28.07
ORD-1010,2022-11-27,2022-12-02,Standard Class,Consumer,South,Office Supplies,Tables,204.85,1,0.1,44.95
ORD-1011,2022-03-29,2022-03-31,First Class,Corporate,West,Furniture,Accessories,430.31,1,0.3,-2.52
ORD-1012,2022-04-10,2022-04-14,Second Class,Corporate,West,Office Supplies,Phones,477.16,9,0.2,67.9
ORD-1013,2022-12-26,2022-12-27,Same Day,Consumer,South,Office Supplies,Binders,444.11,8,0.2,46.72
ORD-1014,2022-06-01,2022-06-06,Same Day,Consumer,West,Office Supplies,Paper,149.9,3,0.3,-4.47
ORD-1015,2022-05-11,2022-05-12,Same Day,Home Office,West,Furniture,Paper,113.2,6,0.4,-7.95
ORD-1016,2022-05-30,2022-05-31,Second Class,Home Office,South,Office Supplies,Accessories,247.73,3,0.2,20.49
ORD-1017,2022-11-05,2022-11-06,First Class,Corporate,Midwest,Furniture,Tables,23.52,4,0.0,7.99
ORD-1018,2022-09-15,2022-09-18,Second Class,Home Office,South,Furniture,Chairs,32.39,1,0.1,-5.7
ORD-1019,2022-12-10,2022-12-16,Same Day,Home Office,West,Office Supplies,Binders,285.58,5,0.2,28.47
ORD-1020,2022-10-21,2022-10-24,Second Class,Home Office,Midwest,Office Supplies,Paper,269.82,1,0.2,22.2
ORD-1021,2022-07-11,2022-07-17,Second Class,Home Office,Southeast,Furniture,Tables,497.4,1,0.4,-60.97
ORD-1022,2022-10-04,2022-10-05,Second Class,Consumer,Midwest,Furniture,Phones,116.88,7,0.0,54.82
ORD-1023,2022-06-10,2022-06-15,First Class,Corporate,West,Technology,Paper,143.89,6,0.1,17.94
ORD-1024,2022-11-10,2022-11-16,Standard Class,Home Office,Midwest,Furniture,Tables,74.5,2,0.2,7.52
ORD-1025,2022-01-22,2022-01-26,Standard Class,Consumer,South,Technology,Chairs,460.42,2,0.1,84.06
ORD-1026,2022-09-10,2022-09-14,Second Class,Consumer,Southeast,Technology,Chairs,393.35,7,0.3,2.97
ORD-1027,2022-08-24,2022-08-26,Standard Class,Consumer,Southeast,Technology,Paper,414.72,1,0.2,28.73
ORD-1028,2022-12-11,2022-12-17,Standard Class,Home Office,Southeast,Office Supplies,Paper,453.33,2,0.2,53.74
ORD-1029,2022-02-18,2022-02-23,Second Class,Home Office,West,Office Supplies,Accessories,271.95,8,0.3,20.36
ORD-1030,2022-02-28,2022-03-03,Second Class,Corporate,West,Furniture,Binders,236.57,6,0.4,-32.05
ORD-1031,2022-06-19,2022-06-20,Same Day,Home Office,Southeast,Technology,Tables,178.59,2,0.2,30.03
ORD-1032,2022-07-07,2022-07-09,Standard Class,Home Office,Midwest,Office Supplies,Paper,302.82,7,0.1,56.75
ORD-1033,2022-09-28,2022-10-02,First Class,Consumer,Southeast,Office Supplies,Binders,238.05,4,0.0,86.47
ORD-1034,2022-07-09,2022-07-12,Second Class,Corporate,Midwest,Office Supplies,Accessories,236.75,2,0.1,69.23
ORD-1035,2022-06-24,2022-06-27,Same Day,Home Office,Midwest,Office Supplies,Binders,469.73,6,0.4,-49.31
ORD-1036,2022-02-20,2022-02-21,First Class,Home Office,West,Office Supplies,Paper,492.34,9,0.0,132.5
ORD-1037,2022-12-30,2023-01-05,Standard Class,Consumer,Midwest,Technology,Chairs,402.31,9,0.1,89.94
ORD-1038,2022-02-24,2022-02-28,Same Day,Consumer,Southeast,Technology,Tables,383.24,8,0.1,78.89
ORD-1039,2022-09-01,2022-09-06,Second Class,Home Office,West,Technology,Tables,346.67,3,0.3,5.02
ORD-1040,2022-11-16,2022-11-19,First Class,Corporate,South,Technology,Chairs,99.72,3,0.4,-13.37
ORD-1041,2022-05-11,2022-05-12,Second Class,Corporate,South,Furniture,Paper,48.37,2,0.3,-8.84
ORD-1042,2022-11-03,2022-11-08,Standard Class,Consumer,West,Technology,Tables,351.55,5,0.0,117.07
ORD-1043,2022-05-15,2022-05-21,First Class,Consumer,Southeast,Office Supplies,Paper,369.82,4,0.3,3.2
ORD-1044,2022-01-21,2022-01-25,Standard Class,Home Office,South,Technology,Accessories,42.55,7,0.4,-18.69
ORD-1045,2022-11-25,2022-12-01,Standard Class,Consumer,South,Furniture,Paper,465.46,4,0.2,53.41
ORD-1046,2022-06-16,2022-06-19,Same Day,Home Office,Midwest,Office Supplies,Binders,63.75,9,0.2,11.24
ORD-1047,2022-10-01,2022-10-06,Second Class,Corporate,Midwest,Technology,Chairs,157.23,2,0.0,43.92
ORD-1048,2022-03-30,2022-04-04,First Class,Corporate,Southeast,Technology,Paper,342.75,6,0.2,50.47
ORD-1049,2022-11-12,2022-11-17,Standard Class,Home Office,West,Technology,Accessories,101.54,7,0.3,-6.18
ORD-1050,2022-01-14,2022-01-17,Standard Class,Consumer,Southeast,Office Supplies,Phones,46.6,4,0.0,12.29
ORD-1051,2022-08-30,2022-09-02,First Class,Corporate,West,Office Supplies,Chairs,178.95,6,0.4,-10.21
ORD-1052,2022-09-22,2022-09-28,Standard Class,Consumer,South,Furniture,Tables,387.67,7,0.0,117.07
ORD-1053,2022-12-12,2022-12-14,Same Day,Corporate,Midwest,Office Supplies,Binders,218.57,4,0.0,51.73
ORD-1054,2022-02-22,2022-02-28,Same Day,Home Office,Southeast,Office Supplies,Tables,333.43,8,0.1,68.52
ORD-1055,2022-12-06,2022-12-10,Same Day,Home Office,Southeast,Technology,Accessories,298.22,9,0.1,55.5
ORD-1056,2022-04-02,2022-04-03,Same Day,Home Office,West,Office Supplies,Accessories,30.66,1,0.0,17.77
ORD-1057,2022-09-21,2022-09-26,Standard Class,Corporate,West,Technology,Tables,494.5,7,0.2,50.96
ORD-1058,2022-02-04,2022-02-06,First Class,Consumer,Southeast,Technology,Chairs,39.89,9,0.1,8.92
ORD-1059,2022-07-25,2022-07-26,First Class,Consumer,West,Office Supplies,Tables,484.55,5,0.4,-58.94
ORD-1060,2022-03-22,2022-03-24,First Class,Consumer,Southeast,Furniture,Paper,283.93,2,0.3,-2.3
ORD-1061,2022-02-19,2022-02-25,First Class,Corporate,Southeast,Furniture,Tables,482.32,6,0.1,106.17
ORD-1062,2022-12-26,2022-12-29,Second Class,Corporate,Southeast,Office Supplies,Binders,75.08,7,0.0,14.76
ORD-1063,2022-01-02,2022-01-07,First Class,Corporate,South,Furniture,Binders,255.4,2,0.2,25.21
ORD-1064,2022-02-23,2022-03-01,Second Class,Corporate,West,Technology,Phones,101.36,2,0.3,-9.36
ORD-1065,2022-04-16,2022-04-17,Second Class,Corporate,Midwest,Technology,Binders,44.47,1,0.1,-2.94
ORD-1066,2022-09-17,2022-09-18,Same Day,Consumer,Midwest,Office Supplies,Tables,316.41,4,0.2,30.79
ORD-1067,2022-11-06,2022-11-07,Second Class,Corporate,West,Furniture,Binders,119.74,7,0.2,13.71
ORD-1068,2022-07-10,2022-07-11,Standard Class,Corporate,Southeast,Furniture,Chairs,302.09,9,0.2,50.15
ORD-1069,2022-08-06,2022-08-07,Second Class,Consumer,Midwest,Technology,Binders,73.93,3,0.0,17.62
ORD-1070,2022-02-13,2022-02-15,Same Day,Corporate,Midwest,Office Supplies,Paper,179.35,7,0.4,-18.44
ORD-1071,2022-06-11,2022-06-17,Second Class,Consumer,West,Furniture,Chairs,395.18,7,0.2,27.02
ORD-1072,2022-07-21,2022-07-26,Standard Class,Consumer,Midwest,Office Supplies,Phones,229.78,7,0.3,6.12
ORD-1073,2022-09-27,2022-09-30,Standard Class,Home Office,Southeast,Furniture,Paper,321.32,2,0.1,68.24
ORD-1074,2022-12-17,2022-12-20,Standard Class,Home Office,West,Technology,Tables,330.78,6,0.3,14.88
ORD-1075,2022-10-31,2022-11-06,Same Day,Home Office,Southeast,Technology,Tables,425.0,2,0.0,138.62
ORD-1076,2022-09-28,2022-10-04,Same Day,Home Office,Midwest,Office Supplies,Tables,175.96,6,0.0,56.3
ORD-1077,2022-08-03,2022-08-06,First Class,Corporate,Midwest,Technology,Paper,349.9,3,0.3,-4.7
ORD-1078,2022-09-09,2022-09-12,Same Day,Home Office,Southeast,Furniture,Paper,481.58,2,0.4,-46.11
ORD-1079,2022-07-09,2022-07-11,Standard Class,Consumer,South,Technology,Paper,370.52,6,0.0,110.05
ORD-1080,2022-10-23,2022-10-27,Standard Class,Corporate,Midwest,Office Supplies,Chairs,255.14,2,0.0,86.08
ORD-1081,2022-08-01,2022-08-06,Same Day,Home Office,South,Office Supplies,Accessories,322.74,5,0.3,8.26
ORD-1082,2022-07-27,2022-07-28,Second Class,Consumer,Midwest,Office Supplies,Chairs,375.05,2,0.0,109.55
ORD-1083,2022-08-25,2022-08-29,Same Day,Corporate,South,Furniture,Tables,313.89,3,0.4,-46.01
ORD-1084,2022-12-04,2022-12-10,Same Day,Corporate,South,Furniture,Accessories,28.0,3,0.4,10.53
ORD-1085,2022-02-22,2022-02-25,Standard Class,Home Office,South,Furniture,Binders,113.49,6,0.4,-5.53
ORD-1086,2022-10-07,2022-10-11,First Class,Corporate,Southeast,Furniture,Tables,409.02,6,0.1,78.61
ORD-1087,2022-08-05,2022-08-10,Standard Class,Consumer,South,Furniture,Phones,150.87,3,0.4,-9.66
ORD-1088,2022-09-09,2022-09-15,First Class,Corporate,South,Technology,Chairs,371.15,3,0.4,-36.37
ORD-1089,2022-07-07,2022-07-08,Standard Class,Consumer,South,Furniture,Paper,198.62,1,0.1,52.91
ORD-1090,2022-02-10,2022-02-11,Same Day,Corporate,Midwest,Furniture,Chairs,270.5,7,0.2,7.75
ORD-1091,2022-06-06,2022-06-11,Standard Class,Home Office,South,Technology,Paper,52.63,8,0.0,11.82
ORD-1092,2022-01-15,2022-01-20,Standard Class,Consumer,Midwest,Furniture,Accessories,106.99,2,0.4,5.29
ORD-1093,2022-10-28,2022-10-31,Standard Class,Corporate,South,Office Supplies,Phones,479.45,4,0.0,149.47
ORD-1094,2022-03-06,2022-03-07,Same Day,Corporate,South,Furniture,Accessories,447.27,7,0.3,17.73
ORD-1095,2022-12-11,2022-12-17,Same Day,Corporate,Southeast,Furniture,Phones,333.09,8,0.0,87.71
ORD-1096,2022-11-23,2022-11-27,Same Day,Consumer,Midwest,Office Supplies,Chairs,240.63,1,0.1,58.85
ORD-1097,2022-01-09,2022-01-15,Same Day,Consumer,South,Office Supplies,Paper,344.37,4,0.0,113.43
ORD-1098,2022-12-10,2022-12-12,First Class,Consumer,Midwest,Office Supplies,Accessories,316.93,6,0.0,78.26
ORD-1099,2022-05-09,2022-05-11,First Class,Home Office,Midwest,Office Supplies,Phones,292.91,3,0.0,84.92
ORD-1100,2022-05-16,2022-05-21,Second Class,Home Office,West,Furniture,Tables,48.4,5,0.2,3.77
ORD-1101,2022-03-04,2022-03-07,Same Day,Consumer,Southeast,Office Supplies,Tables,323.75,9,0.2,16.18
ORD-1102,2022-05-19,2022-05-21,First Class,Corporate,Southeast,Office Supplies,Accessories,389.08,3,0.3,-2.75
ORD-1103,2022-03-22,2022-03-23,Standard Class,Home Office,Southeast,Technology,Paper,497.16,5,0.1,108.16
ORD-1104,2022-06-12,2022-06-18,Same Day,Consumer,West,Office Supplies,Accessories,25.32,8,0.0,3.69
ORD-1105,2022-10-16,2022-10-22,Second Class,Corporate,West,Office Supplies,Chairs,370.48,6,0.0,113.57
ORD-1106,2022-09-18,2022-09-23,Second Class,Home Office,Southeast,Technology,Phones,294.46,4,0.0,90.83
ORD-1107,2022-08-19,2022-08-23,Second Class,Corporate,West,Technology,Chairs,228.35,8,0.0,68.38
ORD-1108,2022-02-10,2022-02-15,Standard Class,Corporate,West,Furniture,Tables,81.23,3,0.2,1.07
ORD-1109,2022-01-28,2022-02-01,First Class,Corporate,West,Technology,Phones,216.36,3,0.3,6.59
ORD-1110,2022-05-15,2022-05-20,Standard Class,Corporate,Southeast,Furniture,Accessories,190.1,4,0.4,-34.88
ORD-1111,2022-07-20,2022-07-25,Same Day,Home Office,Southeast,Technology,Chairs,165.36,9,0.1,33.16
ORD-1112,2022-11-24,2022-11-29,Second Class,Home Office,Southeast,Technology,Binders,370.82,5,0.0,125.1
ORD-1113,2022-09-25,2022-09-29,Standard Class,Home Office,West,Furniture,Paper,356.35,8,0.3,-4.47
ORD-1114,2022-02-02,2022-02-06,Standard Class,Consumer,Southeast,Technology,Paper,302.73,6,0.4,-37.55
ORD-1115,2022-02-17,2022-02-22,First Class,Home Office,West,Furniture,Binders,470.56,3,0.3,7.26
ORD-1116,2022-03-03,2022-03-05,First Class,Corporate,South,Technology,Tables,187.93,8,0.2,20.43
ORD-1117,2022-08-04,2022-08-07,Second Class,Home Office,West,Office Supplies,Phones,137.02,9,0.4,-6.25
ORD-1118,2022-10-20,2022-10-23,Standard Class,Corporate,Midwest,Technology,Paper,334.83,8,0.3,0.38
ORD-1119,2022-04-09,2022-04-12,Standard Class,Consumer,Southeast,Furniture,Binders,115.43,4,0.2,-12.34
ORD-1120,2022-06-21,2022-06-25,First Class,Corporate,Southeast,Technology,Accessories,171.21,6,0.3,11.8
ORD-1121,2022-12-26,2022-12-30,Standard Class,Corporate,Midwest,Furniture,Binders,127.81,1,0.3,20.7
ORD-1122,2022-08-02,2022-08-04,Standard Class,Corporate,West,Furniture,Tables,53.19,4,0.4,7.52
ORD-1123,2022-02-04,2022-02-07,Standard Class,Consumer,South,Office Supplies,Tables,417.2,8,0.2,6.33
ORD-1124,2022-08-15,2022-08-18,First Class,Home Office,Midwest,Office Supplies,Chairs,142.18,1,0.0,47.16
ORD-1125,2022-04-11,2022-04-16,Second Class,Home Office,Midwest,Furniture,Paper,247.05,3,0.1,44.74
ORD-1126,2022-05-11,2022-05-15,Same Day,Consumer,West,Technology,Chairs,40.79,1,0.4,-14.92
ORD-1127,2022-09-14,2022-09-17,Second Class,Corporate,Southeast,Furniture,Binders,355.68,9,0.2,36.8
ORD-1128,2022-01-05,2022-01-11,Same Day,Home Office,West,Furniture,Phones,178.67,2,0.3,-1.49
ORD-1129,2022-08-06,2022-08-08,Standard Class,Consumer,Midwest,Technology,Phones,377.47,9,0.2,42.83
ORD-1130,2022-09-12,2022-09-18,Second Class,Home Office,Midwest,Technology,Tables,217.95,4,0.1,44.16
ORD-1131,2022-12-25,2022-12-31,Same Day,Consumer,Southeast,Technology,Phones,113.96,2,0.1,11.58
ORD-1132,2022-10-10,2022-10-12,First Class,Corporate,Southeast,Technology,Phones,266.32,4,0.0,74.13
ORD-1133,2022-07-26,2022-08-01,First Class,Home Office,Southeast,Furniture,Phones,82.64,6,0.0,17.41
ORD-1134,2022-01-15,2022-01-18,Second Class,Consumer,West,Furniture,Binders,231.46,7,0.1,29.13
ORD-1135,2022-12-12,2022-12-16,Second Class,Home Office,Southeast,Office Supplies,Phones,172.31,3,0.4,-30.95
ORD-1136,2022-02-11,2022-02-13,Standard Class,Home Office,Midwest,Furniture,Accessories,457.74,3,0.4,-47.88
ORD-1137,2022-06-28,2022-07-03,Second Class,Home Office,Midwest,Technology,Phones,49.25,8,0.3,14.24
ORD-1138,2022-03-04,2022-03-10,Standard Class,Home Office,South,Office Supplies,Phones,353.13,5,0.0,100.58
ORD-1139,2022-12-18,2022-12-20,Standard Class,Consumer,West,Technology,Chairs,107.72,4,0.3,-7.57
ORD-1140,2022-08-19,2022-08-20,First Class,Corporate,South,Furniture,Binders,173.14,7,0.0,40.13
ORD-1141,2022-08-29,2022-08-30,First Class,Consumer,Midwest,Office Supplies,Tables,219.45,7,0.1,44.2
ORD-1142,2022-02-21,2022-02-25,Same Day,Consumer,South,Technology,Chairs,455.85,9,0.4,-33.79
ORD-1143,2022-04-06,2022-04-09,First Class,Consumer,Midwest,Office Supplies,Paper,136.44,9,0.4,6.38
ORD-1144,2022-08-10,2022-08-14,First Class,Corporate,South,Office Supplies,Binders,63.83,5,0.1,15.62
ORD-1145,2022-08-19,2022-08-23,Second Class,Home Office,Southeast,Furniture,Accessories,172.97,8,0.3,1.4
ORD-1146,2022-08-25,2022-08-29,First Class,Home Office,South,Technology,Binders,70.24,1,0.3,-5.43
ORD-1147,2022-05-23,2022-05-27,Same Day,Home Office,Southeast,Office Supplies,Paper,81.73,9,0.2,4.41
ORD-1148,2022-06-20,2022-06-25,Second Class,Corporate,Southeast,Office Supplies,Paper,295.45,8,0.0,94.93
ORD-1149,2022-01-29,2022-02-03,Same Day,Home Office,West,Technology,Paper,49.23,6,0.3,-3.15
ORD-1150,2022-02-05,2022-02-07,First Class,Corporate,Southeast,Office Supplies,Tables,34.85,3,0.1,5.35
ORD-1151,2022-01-13,2022-01-14,Same Day,Home Office,Southeast,Office Supplies,Phones,362.92,3,0.3,-0.25
ORD-1152,2022-06-09,2022-06-13,Second Class,Home Office,South,Office Supplies,Binders,193.59,8,0.4,-25.27
ORD-1153,2022-11-23,2022-11-25,Standard Class,Consumer,Midwest,Technology,Phones,80.18,5,0.0,23.3
ORD-1154,2022-07-06,2022-07-07,Same Day,Corporate,West,Technology,Phones,141.73,7,0.2,-6.02
ORD-1155,2022-08-31,2022-09-06,Same Day,Consumer,Southeast,Technology,Accessories,328.2,5,0.0,103.95
ORD-1156,2022-03-27,2022-03-30,Second Class,Consumer,West,Technology,Paper,152.26,8,0.4,8.29
ORD-1157,2022-10-11,2022-10-16,Second Class,Consumer,South,Furniture,Tables,257.37,4,0.4,-31.26
ORD-1158,2022-03-07,2022-03-13,Same Day,Corporate,Southeast,Office Supplies,Accessories,78.41,2,0.4,-4.1
ORD-1159,2022-06-19,2022-06-20,First Class,Corporate,South,Technology,Chairs,302.28,3,0.4,-21.71
ORD-1160,2022-02-14,2022-02-20,Same Day,Home Office,West,Office Supplies,Tables,171.72,8,0.1,47.15
ORD-1161,2022-03-03,2022-03-06,Second Class,Consumer,South,Office Supplies,Phones,320.94,7,0.2,29.45
ORD-1162,2022-05-14,2022-05-15,Standard Class,Home Office,West,Furniture,Tables,408.03,2,0.4,-58.84
ORD-1163,2022-10-11,2022-10-17,Standard Class,Consumer,South,Technology,Paper,313.59,6,0.4,-28.69
ORD-1164,2022-01-28,2022-02-02,First Class,Corporate,West,Technology,Chairs,161.96,9,0.3,1.29
ORD-1165,2022-04-18,2022-04-23,Same Day,Corporate,Midwest,Office Supplies,Paper,142.76,4,0.2,10.82
ORD-1166,2022-02-13,2022-02-15,Standard Class,Corporate,South,Technology,Chairs,177.16,9,0.0,51.81
ORD-1167,2022-12-06,2022-12-12,Same Day,Consumer,South,Office Supplies,Accessories,99.02,2,0.2,11.34
ORD-1168,2022-10-13,2022-10-17,Second Class,Corporate,Midwest,Office Supplies,Phones,106.96,2,0.2,14.31
ORD-1169,2022-11-27,2022-12-03,Standard Class,Consumer,Midwest,Furniture,Chairs,399.53,9,0.2,43.15
ORD-1170,2022-05-08,2022-05-09,First Class,Home Office,South,Furniture,Chairs,204.67,7,0.4,-22.64
ORD-1171,2022-12-14,2022-12-15,Second Class,Consumer,Midwest,Furniture,Chairs,229.28,7,0.4,-19.09
ORD-1172,2022-08-19,2022-08-25,First Class,Home Office,Southeast,Office Supplies,Tables,305.14,1,0.1,58.18
ORD-1173,2022-07-09,2022-07-12,Second Class,Consumer,West,Technology,Accessories,303.03,6,0.0,97.33
ORD-1174,2022-08-13,2022-08-18,Standard Class,Home Office,West,Furniture,Tables,52.34,7,0.3,-6.27
ORD-1175,2022-10-10,2022-10-11,First Class,Corporate,West,Technology,Phones,419.14,6,0.2,42.64
ORD-1176,2022-05-01,2022-05-06,First Class,Home Office,Southeast,Furniture,Chairs,105.12,6,0.0,15.3
ORD-1177,2022-04-26,2022-04-27,Second Class,Corporate,Midwest,Furniture,Accessories,367.07,2,0.0,106.42
ORD-1178,2022-08-21,2022-08-23,First Class,Corporate,Midwest,Office Supplies,Accessories,390.88,6,0.1,83.85
ORD-1179,2022-09-16,2022-09-20,Second Class,Home Office,South,Furniture,Binders,363.15,4,0.3,-10.34
ORD-1180,2022-12-25,2022-12-26,Second Class,Consumer,Midwest,Furniture,Phones,297.91,9,0.2,26.59
ORD-1181,2022-07-17,2022-07-22,Second Class,Consumer,South,Office Supplies,Accessories,27.01,1,0.3,-24.05
ORD-1182,2022-05-17,2022-05-19,Second Class,Consumer,Southeast,Technology,Chairs,192.98,8,0.1,24.92
ORD-1183,2022-11-14,2022-11-15,Standard Class,Consumer,West,Furniture,Chairs,310.32,5,0.4,-42.1
ORD-1184,2022-06-14,2022-06-17,Second Class,Consumer,West,Office Supplies,Accessories,205.98,1,0.0,62.81
ORD-1185,2022-08-13,2022-08-17,Same Day,Corporate,West,Furniture,Tables,434.47,4,0.2,46.78
ORD-1186,2022-11-03,2022-11-04,First Class,Consumer,Midwest,Office Supplies,Phones,168.23,1,0.4,-17.38
ORD-1187,2022-08-22,2022-08-24,Same Day,Corporate,South,Technology,Chairs,160.9,6,0.1,28.35
ORD-1188,2022-06-21,2022-06-24,Standard Class,Corporate,South,Technology,Accessories,147.68,2,0.3,-3.79
ORD-1189,2022-06-01,2022-06-07,Same Day,Corporate,Southeast,Office Supplies,Chairs,179.73,5,0.0,61.08
ORD-1190,2022-11-11,2022-11-13,First Class,Home Office,Midwest,Office Supplies,Accessories,287.55,7,0.2,30.88
ORD-1191,2022-06-09,2022-06-11,Same Day,Home Office,Southeast,Office Supplies,Phones,359.37,2,0.4,-39.28
ORD-1192,2022-04-06,2022-04-09,Standard Class,Corporate,South,Technology,Accessories,338.03,6,0.4,-20.87
ORD-1193,2022-08-21,2022-08-23,Second Class,Home Office,South,Furniture,Binders,407.7,6,0.0,141.81
ORD-1194,2022-06-29,2022-07-02,Same Day,Consumer,West,Technology,Accessories,445.24,5,0.3,-12.46
ORD-1195,2022-04-23,2022-04-24,Standard Class,Consumer,Midwest,Office Supplies,Accessories,411.72,5,0.1,87.57
ORD-1196,2022-11-14,2022-11-17,Standard Class,Corporate,South,Office Supplies,Phones,29.09,3,0.3,30.9
ORD-1197,2022-02-21,2022-02-24,First Class,Consumer,West,Technology,Accessories,373.24,2,0.3,2.8
ORD-1198,2022-09-25,2022-09-29,First Class,Corporate,Midwest,Office Supplies,Phones,120.03,7,0.3,1.15
ORD-1199,2022-10-22,2022-10-25,Same Day,Corporate,Southeast,Technology,Binders,83.81,1,0.0,24.59
ORD-1200,2022-04-23,2022-04-26,Second Class,Consumer,Midwest,Office Supplies,Phones,326.47,6,0.0,102.84
ORD-1201,2022-04-11,2022-04-17,Standard Class,Home Office,Midwest,Furniture,Chairs,173.48,6,0.1,42.24
ORD-1202,2022-04-23,2022-04-24,Same Day,Consumer,South,Furniture,Phones,47.42,3,0.3,-12.45
ORD-1203,2022-03-22,2022-03-26,Standard Class,Consumer,South,Office Supplies,Binders,86.06,2,0.0,25.55
ORD-1204,2022-07-06,2022-07-12,Standard Class,Corporate,Midwest,Technology,Paper,20.45,2,0.1,-18.6
ORD-1205,2022-04-23,2022-04-28,Second Class,Corporate,South,Furniture,Accessories,453.55,9,0.1,88.62
ORD-1206,2022-01-02,2022-01-03,Second Class,Corporate,South,Technology,Phones,31.82,5,0.3,-9.03
ORD-1207,2022-05-10,2022-05-11,Same Day,Corporate,South,Office Supplies,Accessories,120.54,7,0.2,15.45
ORD-1208,2022-08-08,2022-08-13,Second Class,Home Office,West,Technology,Tables,219.81,5,0.3,-16.56
ORD-1209,2022-02-23,2022-02-26,Second Class,Home Office,West,Furniture,Chairs,191.15,7,0.2,13.99
ORD-1210,2022-12-09,2022-12-15,Same Day,Home Office,Midwest,Technology,Chairs,457.63,4,0.1,101.19
ORD-1211,2022-08-12,2022-08-14,Second Class,Corporate,South,Technology,Tables,39.34,8,0.0,5.04
ORD-1212,2022-08-13,2022-08-17,First Class,Corporate,West,Office Supplies,Tables,265.86,7,0.4,-45.64
ORD-1213,2022-05-06,2022-05-08,Standard Class,Corporate,Midwest,Office Supplies,Phones,346.63,5,0.1,71.9
ORD-1214,2022-05-10,2022-05-15,Standard Class,Home Office,South,Office Supplies,Tables,467.22,6,0.0,134.3
ORD-1215,2022-02-22,2022-02-23,Standard Class,Corporate,Southeast,Furniture,Paper,317.78,5,0.1,61.7
ORD-1216,2022-06-21,2022-06-22,Standard Class,Consumer,South,Furniture,Accessories,405.8,7,0.3,-7.3
ORD-1217,2022-08-06,2022-08-10,Same Day,Consumer,South,Office Supplies,Accessories,60.19,2,0.2,25.76
ORD-1218,2022-06-09,2022-06-10,Standard Class,Corporate,West,Office Supplies,Binders,205.25,5,0.1,25.47
ORD-1219,2022-07-17,2022-07-18,Standard Class,Consumer,Midwest,Furniture,Tables,199.49,3,0.0,88.18
ORD-1220,2022-09-04,2022-09-08,Standard Class,Consumer,Midwest,Furniture,Tables,445.42,9,0.3,-3.91
ORD-1221,2022-11-20,2022-11-26,Standard Class,Home Office,West,Furniture,Paper,92.66,6,0.4,-7.43
ORD-1222,2022-07-22,2022-07-28,First Class,Corporate,South,Furniture,Chairs,92.91,3,0.3,-5.75
ORD-1223,2022-07-03,2022-07-07,Standard Class,Corporate,Southeast,Office Supplies,Chairs,177.71,7,0.2,11.6
ORD-1224,2022-05-03,2022-05-08,First Class,Home Office,South,Furniture,Accessories,46.14,4,0.3,-7.85
ORD-1225,2022-09-12,2022-09-13,Same Day,Consumer,South,Office Supplies,Accessories,107.58,3,0.4,-4.75
ORD-1226,2022-10-21,2022-10-22,Second Class,Consumer,Southeast,Technology,Phones,483.3,8,0.0,130.88
ORD-1227,2022-10-07,2022-10-12,Standard Class,Corporate,West,Technology,Paper,225.53,4,0.1,48.75
ORD-1228,2022-11-21,2022-11-27,Second Class,Consumer,Midwest,Furniture,Binders,323.37,1,0.2,10.49
ORD-1229,2022-04-08,2022-04-11,Second Class,Home Office,West,Technology,Binders,368.53,6,0.4,-34.12
ORD-1230,2022-07-17,2022-07-20,Same Day,Home Office,West,Technology,Paper,196.14,1,0.2,28.11
ORD-1231,2022-08-28,2022-08-31,Second Class,Corporate,South,Technology,Binders,90.67,5,0.3,-12.75
ORD-1232,2022-05-24,2022-05-30,First Class,Home Office,Midwest,Furniture,Chairs,119.16,7,0.2,18.7
ORD-1233,2022-04-07,2022-04-13,Second Class,Home Office,Midwest,Furniture,Binders,170.37,6,0.4,-16.52
ORD-1234,2022-07-20,2022-07-25,Second Class,Corporate,West,Technology,Binders,325.31,2,0.1,81.05
ORD-1235,2022-05-04,2022-05-05,Second Class,Home Office,Southeast,Office Supplies,Paper,211.17,4,0.1,33.68
ORD-1236,2022-07-06,2022-07-11,Standard Class,Home Office,West,Technology,Paper,23.27,2,0.2,30.49
ORD-1237,2022-11-22,2022-11-27,Standard Class,Home Office,Southeast,Furniture,Binders,271.24,1,0.0,57.46
ORD-1238,2022-12-15,2022-12-21,First Class,Consumer,Midwest,Furniture,Tables,462.33,3,0.2,42.94
ORD-1239,2022-09-16,2022-09-19,First Class,Corporate,West,Furniture,Paper,409.8,3,0.3,-16.99
ORD-1240,2022-05-28,2022-05-30,Standard Class,Corporate,South,Technology,Phones,416.1,7,0.1,101.73
ORD-1241,2022-09-09,2022-09-10,First Class,Corporate,West,Office Supplies,Phones,401.63,1,0.1,77.71
ORD-1242,2022-12-12,2022-12-18,Standard Class,Consumer,Midwest,Furniture,Chairs,175.39,9,0.1,33.36
ORD-1243,2022-05-27,2022-05-30,Same Day,Consumer,South,Furniture,Binders,387.29,6,0.0,120.62
ORD-1244,2022-05-28,2022-05-30,Second Class,Corporate,South,Technology,Tables,88.72,4,0.0,26.57
ORD-1245,2022-12-18,2022-12-20,Second Class,Consumer,Southeast,Office Supplies,Chairs,335.7,3,0.4,-39.51
ORD-1246,2022-07-18,2022-07-24,First Class,Corporate,South,Technology,Binders,327.95,3,0.2,20.23
ORD-1247,2022-11-04,2022-11-08,Standard Class,Consumer,South,Furniture,Paper,32.27,2,0.2,4.91
ORD-1248,2022-05-08,2022-05-09,Standard Class,Home Office,West,Office Supplies,Phones,398.23,2,0.3,3.79
ORD-1249,2022-02-08,2022-02-10,First Class,Home Office,Midwest,Office Supplies,Accessories,453.56,5,0.1,97.67
ORD-1250,2022-12-04,2022-12-10,Standard Class,Corporate,Southeast,Furniture,Tables,148.36,9,0.0,63.64
ORD-1251,2022-12-26,2023-01-01,Same Day,Consumer,West,Office Supplies,Accessories,409.95,2,0.3,-21.74
ORD-1252,2022-05-09,2022-05-12,Second Class,Consumer,South,Office Supplies,Phones,59.55,2,0.3,-0.68
ORD-1253,2022-09-24,2022-09-28,First Class,Home Office,South,Technology,Accessories,307.98,6,0.0,104.31
ORD-1254,2022-05-31,2022-06-01,First Class,Home Office,Southeast,Furniture,Paper,253.11,2,0.2,24.07
ORD-1255,2022-10-25,2022-10-30,Standard Class,Consumer,Midwest,Furniture,Binders,282.04,4,0.1,33.03
ORD-1256,2022-04-09,2022-04-12,First Class,Consumer,Southeast,Furniture,Paper,464.58,6,0.2,33.55
ORD-1257,2022-09-20,2022-09-22,Same Day,Consumer,West,Furniture,Accessories,438.23,5,0.3,3.29
ORD-1258,2022-09-09,2022-09-11,Standard Class,Consumer,Southeast,Furniture,Paper,396.84,1,0.1,82.29
ORD-1259,2022-05-24,2022-05-27,Standard Class,Consumer,South,Office Supplies,Phones,151.38,6,0.4,-8.41
ORD-1260,2022-12-12,2022-12-18,Standard Class,Consumer,West,Technology,Tables,457.67,1,0.3,-7.81
ORD-1261,2022-04-22,2022-04-24,Standard Class,Corporate,South,Furniture,Paper,66.8,3,0.2,9.28
ORD-1262,2022-03-01,2022-03-05,Same Day,Consumer,Midwest,Technology,Phones,429.6,5,0.2,33.5
ORD-1263,2022-01-02,2022-01-03,Standard Class,Home Office,South,Technology,Tables,177.52,5,0.2,20.35
ORD-1264,2022-10-31,2022-11-04,First Class,Corporate,South,Office Supplies,Binders,45.81,6,0.0,14.28
ORD-1265,2022-09-11,2022-09-13,Same Day,Consumer,Southeast,Furniture,Accessories,341.29,8,0.3,-8.21
ORD-1266,2022-05-20,2022-05-25,Second Class,Home Office,South,Office Supplies,Binders,131.01,5,0.1,41.78
ORD-1267,2022-02-06,2022-02-07,Second Class,Corporate,West,Furniture,Chairs,136.91,1,0.2,-3.37
ORD-1268,2022-06-09,2022-06-10,First Class,Home Office,West,Office Supplies,Phones,166.9,5,0.2,15.27
ORD-1269,2022-01-09,2022-01-12,First Class,Consumer,Midwest,Technology,Tables,50.57,3,0.0,6.74
ORD-1270,2022-08-21,2022-08-24,Same Day,Consumer,West,Furniture,Paper,105.02,4,0.1,39.35
ORD-1271,2022-04-09,2022-04-14,Second Class,Consumer,Southeast,Technology,Binders,22.47,8,0.3,5.98
ORD-1272,2022-05-27,2022-06-02,Second Class,Consumer,Midwest,Technology,Tables,233.8,7,0.4,-29.87
ORD-1273,2022-10-31,2022-11-01,Second Class,Corporate,West,Office Supplies,Phones,60.44,5,0.0,15.33
ORD-1274,2022-07-27,2022-08-01,Second Class,Corporate,Southeast,Furniture,Chairs,347.67,2,0.3,18.61
ORD-1275,2022-05-11,2022-05-14,Second Class,Home Office,West,Technology,Binders,133.1,6,0.4,-22.77
ORD-1276,2022-06-01,2022-06-04,Standard Class,Consumer,West,Office Supplies,Accessories,472.92,6,0.2,29.65
ORD-1277,2022-02-23,2022-02-24,First Class,Home Office,South,Furniture,Tables,438.2,6,0.2,46.73
ORD-1278,2022-04-30,2022-05-04,Standard Class,Corporate,West,Furniture,Accessories,158.93,9,0.1,34.92
ORD-1279,2022-06-10,2022-06-12,Second Class,Consumer,West,Technology,Tables,395.94,8,0.4,-32.93
ORD-1280,2022-04-26,2022-04-29,Same Day,Consumer,Southeast,Furniture,Tables,405.56,8,0.2,47.28
ORD-1281,2022-03-16,2022-03-22,Same Day,Corporate,Southeast,Technology,Phones,493.55,1,0.2,67.06
ORD-1282,2022-04-23,2022-04-29,Second Class,Corporate,South,Furniture,Phones,306.96,5,0.1,44.21
ORD-1283,2022-04-14,2022-04-17,Second Class,Corporate,West,Office Supplies,Phones,59.34,7,0.3,-12.03
ORD-1284,2022-12-06,2022-12-10,Same Day,Corporate,South,Technology,Paper,330.48,6,0.2,39.67
ORD-1285,2022-09-11,2022-09-15,Standard Class,Corporate,West,Technology,Tables,319.99,5,0.0,84.94
ORD-1286,2022-08-15,2022-08-20,Standard Class,Consumer,Midwest,Furniture,Binders,326.41,8,0.0,83.36
ORD-1287,2022-04-22,2022-04-28,Second Class,Corporate,Midwest,Furniture,Accessories,167.43,3,0.3,18.66
ORD-1288,2022-04-09,2022-04-14,Standard Class,Consumer,South,Technology,Phones,432.65,6,0.4,-59.46
ORD-1289,2022-06-02,2022-06-08,Same Day,Consumer,South,Furniture,Phones,480.55,5,0.1,92.6
ORD-1290,2022-12-15,2022-12-17,Standard Class,Corporate,South,Office Supplies,Accessories,124.5,8,0.0,36.76
ORD-1291,2022-12-04,2022-12-06,Second Class,Corporate,Southeast,Furniture,Accessories,62.31,4,0.0,31.78
ORD-1292,2022-07-13,2022-07-14,Same Day,Consumer,Southeast,Office Supplies,Tables,113.38,8,0.3,-18.69
ORD-1293,2022-11-06,2022-11-11,Standard Class,Corporate,Southeast,Office Supplies,Phones,413.87,2,0.4,-37.23
ORD-1294,2022-06-12,2022-06-15,First Class,Corporate,South,Office Supplies,Accessories,344.79,9,0.4,-43.38
ORD-1295,2022-07-27,2022-08-01,Same Day,Corporate,West,Office Supplies,Paper,325.3,9,0.3,6.28
ORD-1296,2022-06-18,2022-06-21,Same Day,Home Office,Midwest,Office Supplies,Paper,212.86,6,0.0,54.79
ORD-1297,2022-06-10,2022-06-14,First Class,Consumer,South,Furniture,Phones,297.36,4,0.1,75.2
ORD-1298,2022-03-09,2022-03-14,First Class,Home Office,Southeast,Office Supplies,Accessories,167.78,4,0.0,41.32
ORD-1299,2022-10-16,2022-10-20,Same Day,Corporate,Southeast,Furniture,Tables,249.06,6,0.4,-49.53
ORD-1300,2022-10-04,2022-10-06,First Class,Home Office,South,Office Supplies,Tables,400.67,5,0.0,112.31
ORD-1301,2022-10-31,2022-11-02,Second Class,Corporate,South,Technology,Tables,491.0,6,0.1,95.59
ORD-1302,2022-05-15,2022-05-16,Second Class,Home Office,Southeast,Office Supplies,Chairs,467.59,7,0.2,57.58
ORD-1303,2022-07-14,2022-07-19,Second Class,Corporate,West,Technology,Phones,468.26,7,0.0,127.89
ORD-1304,2022-05-08,2022-05-12,Same Day,Home Office,Southeast,Office Supplies,Tables,213.07,9,0.3,-12.39
ORD-1305,2022-02-02,2022-02-05,First Class,Home Office,Southeast,Office Supplies,Paper,245.02,8,0.2,34.11
ORD-1306,2022-06-25,2022-06-27,First Class,Home Office,South,Office Supplies,Accessories,358.7,6,0.3,-13.75
ORD-1307,2022-01-22,2022-01-24,Standard Class,Consumer,West,Technology,Binders,462.65,6,0.3,-1.79
ORD-1308,2022-08-26,2022-08-29,Standard Class,Home Office,Southeast,Technology,Binders,88.16,5,0.3,-1.59
ORD-1309,2022-06-07,2022-06-11,First Class,Consumer,Southeast,Office Supplies,Tables,166.04,1,0.0,51.99
ORD-1310,2022-02-07,2022-02-11,First Class,Corporate,Midwest,Furniture,Binders,86.84,9,0.4,-16.18
ORD-1311,2022-08-18,2022-08-23,First Class,Home Office,South,Office Supplies,Binders,313.76,9,0.2,22.11
ORD-1312,2022-12-31,2023-01-05,Same Day,Corporate,Midwest,Technology,Chairs,167.02,9,0.1,36.75
ORD-1313,2022-02-20,2022-02-26,First Class,Corporate,Midwest,Office Supplies,Paper,176.53,8,0.4,-26.61
ORD-1314,2022-09-21,2022-09-27,Standard Class,Home Office,Southeast,Technology,Paper,54.04,3,0.0,2.61
ORD-1315,2022-10-10,2022-10-11,Same Day,Consumer,South,Technology,Chairs,187.9,1,0.3,12.28
ORD-1316,2022-01-27,2022-01-29,First Class,Home Office,West,Technology,Chairs,434.0,8,0.1,91.68
ORD-1317,2022-08-14,2022-08-19,Standard Class,Corporate,Southeast,Office Supplies,Binders,131.87,7,0.2,30.86
ORD-1318,2022-10-04,2022-10-08,Same Day,Corporate,West,Technology,Phones,353.69,5,0.4,-27.53
ORD-1319,2022-10-13,2022-10-16,First Class,Home Office,West,Technology,Accessories,322.22,7,0.4,-44.9
ORD-1320,2022-04-07,2022-04-11,First Class,Consumer,South,Office Supplies,Accessories,434.47,4,0.1,87.86
ORD-1321,2022-10-11,2022-10-13,First Class,Consumer,Midwest,Technology,Binders,83.5,9,0.0,14.89
ORD-1322,2022-11-13,2022-11-19,Same Day,Corporate,South,Office Supplies,Accessories,489.24,2,0.2,32.41
ORD-1323,2022-10-31,2022-11-04,Standard Class,Corporate,West,Technology,Chairs,299.66,9,0.1,55.46
ORD-1324,2022-05-27,2022-05-28,Standard Class,Consumer,Southeast,Furniture,Paper,497.83,9,0.3,9.82
ORD-1325,2022-01-04,2022-01-06,Second Class,Home Office,West,Furniture,Accessories,457.53,5,0.2,48.5
ORD-1326,2022-02-04,2022-02-10,First Class,Corporate,Southeast,Technology,Binders,126.33,1,0.4,-26.54
ORD-1327,2022-07-11,2022-07-14,Second Class,Consumer,Southeast,Furniture,Phones,46.96,7,0.1,4.57
ORD-1328,2022-02-18,2022-02-24,Second Class,Corporate,South,Office Supplies,Binders,142.71,4,0.4,-15.7
ORD-1329,2022-01-17,2022-01-18,Standard Class,Home Office,West,Furniture,Tables,273.23,9,0.4,-44.21
ORD-1330,2022-06-21,2022-06-23,Same Day,Consumer,Midwest,Technology,Binders,102.37,6,0.4,-3.11
ORD-1331,2022-08-08,2022-08-11,Same Day,Corporate,West,Technology,Chairs,100.38,3,0.0,27.83
ORD-1332,2022-06-07,2022-06-08,Standard Class,Home Office,West,Office Supplies,Paper,242.04,6,0.4,-38.11
ORD-1333,2022-02-15,2022-02-21,Same Day,Corporate,Midwest,Technology,Paper,35.97,6,0.3,-14.47
ORD-1334,2022-01-06,2022-01-07,Second Class,Home Office,South,Office Supplies,Accessories,78.51,5,0.3,11.01
ORD-1335,2022-04-09,2022-04-11,First Class,Home Office,West,Furniture,Chairs,219.61,2,0.2,18.15
ORD-1336,2022-08-21,2022-08-26,Standard Class,Consumer,West,Furniture,Tables,50.3,2,0.4,6.87
ORD-1337,2022-02-06,2022-02-07,First Class,Home Office,Southeast,Office Supplies,Chairs,210.44,7,0.4,-5.32
ORD-1338,2022-10-07,2022-10-08,Same Day,Corporate,West,Office Supplies,Binders,247.52,2,0.1,59.73
ORD-1339,2022-12-15,2022-12-21,First Class,Home Office,Midwest,Technology,Chairs,236.61,6,0.0,65.65
ORD-1340,2022-10-29,2022-11-04,Same Day,Home Office,Southeast,Furniture,Chairs,437.2,5,0.2,18.74
ORD-1341,2022-06-30,2022-07-03,Same Day,Consumer,South,Office Supplies,Tables,274.43,4,0.4,-24.31
ORD-1342,2022-04-05,2022-04-11,Second Class,Home Office,Southeast,Furniture,Binders,244.63,7,0.1,69.84
ORD-1343,2022-04-09,2022-04-13,Same Day,Home Office,Midwest,Office Supplies,Phones,217.14,8,0.0,64.79
ORD-1344,2022-07-07,2022-07-09,Second Class,Corporate,Midwest,Furniture,Phones,412.46,4,0.2,21.35
ORD-1345,2022-04-26,2022-04-28,Second Class,Consumer,Southeast,Technology,Paper,449.63,1,0.2,38.21
ORD-1346,2022-07-10,2022-07-15,Second Class,Consumer,South,Furniture,Accessories,429.56,1,0.4,-44.79
ORD-1347,2022-09-10,2022-09-15,Standard Class,Consumer,Southeast,Furniture,Chairs,343.3,1,0.2,23.35
ORD-1348,2022-06-10,2022-06-12,Standard Class,Home Office,South,Furniture,Paper,85.93,1,0.1,-8.45
ORD-1349,2022-09-13,2022-09-18,Same Day,Consumer,Southeast,Furniture,Tables,152.9,5,0.2,14.31
ORD-1350,2022-11-19,2022-11-22,Second Class,Home Office,Midwest,Furniture,Phones,42.11,4,0.3,-7.85
ORD-1351,2022-05-08,2022-05-14,Standard Class,Home Office,West,Technology,Chairs,466.8,9,0.1,111.09
ORD-1352,2022-01-18,2022-01-20,Second Class,Corporate,West,Office Supplies,Tables,337.18,3,0.0,102.16
ORD-1353,2022-10-08,2022-10-13,First Class,Corporate,South,Furniture,Accessories,378.25,7,0.0,118.17
ORD-1354,2022-08-11,2022-08-13,First Class,Corporate,South,Technology,Tables,169.55,8,0.4,-18.15
ORD-1355,2022-02-23,2022-02-27,First Class,Corporate,South,Furniture,Chairs,425.91,6,0.4,-41.65
ORD-1356,2022-02-27,2022-02-28,Same Day,Corporate,Midwest,Furniture,Accessories,144.61,1,0.3,-16.52
ORD-1357,2022-11-19,2022-11-25,Second Class,Home Office,Southeast,Office Supplies,Tables,20.79,8,0.0,-4.16
ORD-1358,2022-12-26,2022-12-28,First Class,Home Office,Midwest,Furniture,Accessories,200.68,3,0.0,71.09
ORD-1359,2022-06-23,2022-06-24,Standard Class,Consumer,West,Technology,Chairs,293.97,8,0.0,90.29
ORD-1360,2022-10-07,2022-10-12,First Class,Home Office,South,Technology,Chairs,249.78,4,0.0,70.95
ORD-1361,2022-04-24,2022-04-25,First Class,Home Office,Southeast,Office Supplies,Accessories,433.8,8,0.2,48.24
ORD-1362,2022-10-15,2022-10-21,First Class,Corporate,West,Furniture,Binders,70.59,1,0.1,19.18
ORD-1363,2022-12-08,2022-12-10,Same Day,Home Office,West,Technology,Paper,285.84,3,0.1,77.08
ORD-1364,2022-05-31,2022-06-04,Standard Class,Corporate,West,Furniture,Tables,266.23,6,0.3,1.63
ORD-1365,2022-05-07,2022-05-12,Second Class,Consumer,Midwest,Furniture,Tables,155.07,9,0.2,4.88
ORD-1366,2022-06-04,2022-06-06,Standard Class,Consumer,South,Furniture,Binders,414.67,2,0.0,123.24
ORD-1367,2022-09-30,2022-10-06,Second Class,Home Office,West,Office Supplies,Binders,381.37,1,0.0,120.49
ORD-1368,2022-04-14,2022-04-19,Same Day,Consumer,South,Furniture,Binders,371.77,3,0.4,-27.22
ORD-1369,2022-10-26,2022-10-29,Same Day,Home Office,Midwest,Technology,Phones,440.57,4,0.4,-60.21
ORD-1370,2022-09-03,2022-09-04,Same Day,Consumer,West,Furniture,Phones,366.94,5,0.3,2.54
ORD-1371,2022-06-25,2022-07-01,Same Day,Corporate,Midwest,Technology,Accessories,131.28,3,0.0,30.41
ORD-1372,2022-02-08,2022-02-11,Second Class,Corporate,Midwest,Furniture,Phones,358.67,2,0.3,-5.67
ORD-1373,2022-06-19,2022-06-21,First Class,Corporate,South,Technology,Chairs,167.7,2,0.2,25.23
ORD-1374,2022-09-04,2022-09-08,Second Class,Corporate,West,Technology,Accessories,136.24,7,0.1,34.71
ORD-1375,2022-01-26,2022-01-31,Standard Class,Home Office,Midwest,Furniture,Tables,55.04,9,0.0,9.73
ORD-1376,2022-12-21,2022-12-22,Same Day,Consumer,West,Furniture,Paper,377.13,2,0.2,36.13
ORD-1377,2022-11-02,2022-11-07,Same Day,Home Office,South,Technology,Chairs,361.28,7,0.0,103.02
ORD-1378,2022-01-13,2022-01-15,Standard Class,Corporate,Midwest,Office Supplies,Tables,132.56,7,0.4,15.66
ORD-1379,2022-11-12,2022-11-17,Second Class,Home Office,South,Furniture,Tables,379.7,7,0.3,2.78
ORD-1380,2022-11-09,2022-11-10,First Class,Consumer,West,Office Supplies,Accessories,460.56,3,0.4,-54.45
ORD-1381,2022-02-05,2022-02-07,First Class,Home Office,West,Furniture,Binders,71.85,7,0.1,27.59
ORD-1382,2022-06-22,2022-06-27,Standard Class,Consumer,South,Furniture,Binders,131.67,1,0.4,0.41
ORD-1383,2022-01-20,2022-01-24,First Class,Home Office,Southeast,Furniture,Chairs,380.13,1,0.0,131.96
ORD-1384,2022-11-17,2022-11-23,Second Class,Consumer,Midwest,Furniture,Binders,151.76,5,0.4,5.7
ORD-1385,2022-09-21,2022-09-23,Second Class,Consumer,West,Office Supplies,Tables,319.84,2,0.0,103.03
ORD-1386,2022-05-22,2022-05-28,Standard Class,Corporate,West,Furniture,Binders,58.96,9,0.1,8.29
ORD-1387,2022-05-23,2022-05-25,Second Class,Consumer,Midwest,Technology,Phones,237.06,7,0.4,-25.73
ORD-1388,2022-04-02,2022-04-06,Same Day,Corporate,South,Technology,Binders,374.76,4,0.3,-2.92
ORD-1389,2022-12-20,2022-12-26,Standard Class,Corporate,South,Office Supplies,Tables,349.53,4,0.3,-4.04
ORD-1390,2022-11-18,2022-11-21,Second Class,Corporate,South,Furniture,Accessories,411.23,2,0.3,12.4
ORD-1391,2022-10-15,2022-10-16,Standard Class,Home Office,Southeast,Technology,Chairs,441.18,5,0.4,-44.11
ORD-1392,2022-08-03,2022-08-06,First Class,Home Office,Southeast,Office Supplies,Paper,391.13,4,0.4,-29.4
ORD-1393,2022-12-08,2022-12-13,Second Class,Home Office,West,Furniture,Binders,342.36,1,0.4,-27.47
ORD-1394,2022-02-20,2022-02-24,Same Day,Home Office,South,Technology,Tables,35.23,8,0.0,-0.42
ORD-1395,2022-06-02,2022-06-05,Second Class,Consumer,Midwest,Technology,Paper,276.78,3,0.1,38.18
ORD-1396,2022-07-05,2022-07-07,Standard Class,Consumer,West,Office Supplies,Paper,38.09,6,0.3,-12.37
ORD-1397,2022-03-04,2022-03-09,Standard Class,Home Office,Midwest,Furniture,Phones,407.87,4,0.0,118.09
ORD-1398,2022-07-09,2022-07-14,Second Class,Consumer,West,Furniture,Paper,173.95,9,0.3,1.34
ORD-1399,2022-05-05,2022-05-08,Same Day,Consumer,Southeast,Technology,Accessories,289.97,7,0.0,80.51
ORD-1400,2022-05-30,2022-06-02,Same Day,Corporate,West,Technology,Tables,154.13,9,0.4,-8.38
ORD-1401,2022-11-10,2022-11-14,Same Day,Corporate,Southeast,Technology,Tables,395.6,3,0.3,-5.28
ORD-1402,2022-02-27,2022-02-28,Standard Class,Corporate,West,Furniture,Binders,445.52,1,0.4,-41.98
ORD-1403,2022-12-08,2022-12-11,Second Class,Corporate,South,Office Supplies,Binders,211.35,5,0.3,1.18
ORD-1404,2022-11-01,2022-11-04,First Class,Consumer,Midwest,Office Supplies,Binders,434.2,3,0.2,60.76
ORD-1405,2022-06-29,2022-07-05,Standard Class,Home Office,South,Furniture,Accessories,148.2,6,0.0,34.71
ORD-1406,2022-06-19,2022-06-21,Same Day,Consumer,West,Office Supplies,Paper,276.64,8,0.2,49.75
ORD-1407,2022-11-22,2022-11-28,Second Class,Consumer,West,Technology,Paper,432.21,4,0.0,123.72
ORD-1408,2022-09-28,2022-10-04,Same Day,Consumer,West,Office Supplies,Phones,176.42,5,0.1,21.88
ORD-1409,2022-02-23,2022-02-28,First Class,Corporate,Southeast,Office Supplies,Accessories,477.94,5,0.3,-2.17
ORD-1410,2022-04-11,2022-04-12,Same Day,Corporate,Midwest,Office Supplies,Binders,78.5,4,0.1,48.1
ORD-1411,2022-09-21,2022-09-23,Same Day,Corporate,Midwest,Technology,Chairs,28.77,4,0.1,14.71
ORD-1412,2022-02-22,2022-02-26,First Class,Home Office,West,Furniture,Phones,453.98,4,0.0,142.22
ORD-1413,2022-03-01,2022-03-05,Second Class,Consumer,West,Technology,Chairs,52.95,4,0.2,13.25
ORD-1414,2022-04-18,2022-04-21,Standard Class,Home Office,Southeast,Furniture,Paper,496.11,4,0.4,-57.31
ORD-1415,2022-01-05,2022-01-08,Second Class,Corporate,South,Furniture,Phones,476.67,5,0.0,146.26
ORD-1416,2022-04-13,2022-04-17,First Class,Home Office,South,Furniture,Phones,85.77,2,0.4,-8.55
ORD-1417,2022-07-15,2022-07-18,Same Day,Consumer,Midwest,Office Supplies,Tables,278.04,2,0.1,73.7
ORD-1418,2022-09-19,2022-09-20,Second Class,Consumer,Southeast,Office Supplies,Paper,108.76,9,0.4,-11.96
ORD-1419,2022-12-31,2023-01-06,Standard Class,Corporate,West,Furniture,Paper,225.51,2,0.2,18.77
ORD-1420,2022-12-16,2022-12-19,First Class,Corporate,Midwest,Furniture,Accessories,49.48,6,0.0,3.2
ORD-1421,2022-02-16,2022-02-21,Second Class,Home Office,Southeast,Office Supplies,Phones,127.48,2,0.2,14.15
ORD-1422,2022-12-21,2022-12-24,Standard Class,Corporate,South,Technology,Paper,194.37,5,0.2,22.37
ORD-1423,2022-11-07,2022-11-09,First Class,Corporate,Southeast,Furniture,Phones,230.55,4,0.0,57.15
ORD-1424,2022-11-04,2022-11-05,Standard Class,Consumer,South,Technology,Accessories,489.2,7,0.2,53.45
ORD-1425,2022-05-24,2022-05-26,First Class,Corporate,Southeast,Office Supplies,Accessories,407.78,7,0.3,2.33
ORD-1426,2022-09-26,2022-09-28,Same Day,Corporate,Midwest,Furniture,Tables,373.96,6,0.3,10.13
ORD-1427,2022-05-04,2022-05-09,Second Class,Consumer,South,Technology,Phones,277.78,5,0.3,12.12
ORD-1428,2022-04-16,2022-04-17,Standard Class,Consumer,Midwest,Technology,Paper,423.2,1,0.4,-41.38
ORD-1429,2022-06-07,2022-06-08,First Class,Home Office,Midwest,Technology,Paper,182.87,3,0.2,7.92
ORD-1430,2022-05-27,2022-05-28,Standard Class,Corporate,South,Office Supplies,Phones,360.27,9,0.0,99.77
ORD-1431,2022-05-25,2022-05-26,Standard Class,Consumer,South,Office Supplies,Phones,497.02,1,0.0,166.73
ORD-1432,2022-04-30,2022-05-01,Second Class,Home Office,West,Technology,Phones,171.02,5,0.4,-15.45
ORD-1433,2022-11-15,2022-11-20,Same Day,Home Office,West,Technology,Binders,343.53,2,0.0,120.52
ORD-1434,2022-10-02,2022-10-05,Standard Class,Corporate,West,Office Supplies,Paper,425.27,4,0.3,4.99
ORD-1435,2022-04-02,2022-04-04,First Class,Corporate,Midwest,Technology,Accessories,459.59,1,0.2,53.5
ORD-1436,2022-02-27,2022-02-28,First Class,Home Office,Midwest,Technology,Paper,364.61,3,0.0,118.77
ORD-1437,2022-12-12,2022-12-15,Same Day,Consumer,West,Office Supplies,Binders,156.13,7,0.0,34.61
ORD-1438,2022-08-17,2022-08-20,First Class,Home Office,Midwest,Technology,Phones,176.62,3,0.1,38.39
ORD-1439,2022-04-27,2022-04-29,Same Day,Corporate,Midwest,Technology,Tables,29.96,4,0.1,-6.38
ORD-1440,2022-11-14,2022-11-19,First Class,Consumer,South,Technology,Phones,385.23,2,0.1,74.2
ORD-1441,2022-10-06,2022-10-10,Second Class,Consumer,South,Office Supplies,Phones,40.52,3,0.2,10.45
ORD-1442,2022-05-07,2022-05-11,Standard Class,Home Office,Midwest,Technology,Binders,435.03,9,0.3,-10.25
ORD-1443,2022-05-09,2022-05-12,Second Class,Corporate,West,Office Supplies,Paper,76.96,3,0.3,5.59
ORD-1444,2022-02-27,2022-03-05,Standard Class,Home Office,Southeast,Office Supplies,Phones,102.5,5,0.3,-14.98
ORD-1445,2022-05-02,2022-05-08,Standard Class,Home Office,West,Furniture,Paper,248.73,2,0.2,36.31
ORD-1446,2022-01-01,2022-01-03,Standard Class,Home Office,Southeast,Furniture,Chairs,374.18,4,0.2,30.77
ORD-1447,2022-08-27,2022-08-31,Second Class,Consumer,West,Technology,Accessories,86.72,7,0.1,7.07
ORD-1448,2022-10-17,2022-10-20,Standard Class,Consumer,South,Office Supplies,Paper,231.23,7,0.0,55.02
ORD-1449,2022-04-06,2022-04-11,Second Class,Corporate,Midwest,Furniture,Tables,251.77,3,0.4,-30.97
ORD-1450,2022-05-06,2022-05-10,Same Day,Corporate,Midwest,Technology,Accessories,121.9,5,0.4,-31.27
ORD-1451,2022-04-28,2022-05-01,First Class,Home Office,South,Furniture,Tables,75.47,1,0.0,17.16
ORD-1452,2022-02-17,2022-02-20,First Class,Home Office,Southeast,Furniture,Phones,421.48,1,0.1,95.29
ORD-1453,2022-03-30,2022-03-31,Standard Class,Home Office,Southeast,Office Supplies,Accessories,261.18,5,0.0,76.47
ORD-1454,2022-08-25,2022-08-30,Second Class,Corporate,Southeast,Office Supplies,Paper,26.9,9,0.0,-3.71
ORD-1455,2022-09-29,2022-09-30,First Class,Consumer,South,Furniture,Accessories,405.43,1,0.4,-38.28
ORD-1456,2022-07-08,2022-07-10,Second Class,Consumer,Southeast,Furniture,Phones,490.78,1,0.1,99.53
ORD-1457,2022-07-11,2022-07-12,Second Class,Home Office,South,Office Supplies,Binders,310.84,4,0.2,50.65
ORD-1458,2022-03-10,2022-03-11,Standard Class,Home Office,West,Technology,Tables,261.78,4,0.4,-18.27
ORD-1459,2022-10-05,2022-10-09,First Class,Home Office,West,Office Supplies,Phones,441.64,2,0.2,47.22
ORD-1460,2022-12-15,2022-12-21,Standard Class,Home Office,South,Furniture,Binders,477.21,9,0.1,104.49
ORD-1461,2022-09-04,2022-09-07,Standard Class,Corporate,Midwest,Technology,Accessories,382.18,9,0.0,113.31
ORD-1462,2022-03-17,2022-03-22,First Class,Consumer,West,Furniture,Accessories,233.82,2,0.3,-0.75
ORD-1463,2022-06-03,2022-06-04,First Class,Home Office,Southeast,Technology,Phones,304.27,9,0.3,16.59
ORD-1464,2022-05-24,2022-05-29,Same Day,Corporate,South,Furniture,Paper,356.45,6,0.1,54.93
ORD-1465,2022-03-27,2022-04-02,Same Day,Home Office,Southeast,Technology,Accessories,113.25,8,0.3,9.68
ORD-1466,2022-07-04,2022-07-10,Second Class,Home Office,Southeast,Technology,Paper,234.66,4,0.2,22.36
ORD-1467,2022-10-12,2022-10-13,First Class,Consumer,Midwest,Furniture,Paper,418.31,2,0.3,-2.91
ORD-1468,2022-08-08,2022-08-10,Same Day,Home Office,Southeast,Technology,Paper,334.27,2,0.1,61.33
ORD-1469,2022-03-10,2022-03-11,Second Class,Consumer,Midwest,Office Supplies,Chairs,217.38,9,0.1,45.01
ORD-1470,2022-02-16,2022-02-20,Second Class,Consumer,West,Furniture,Binders,338.41,1,0.2,33.41
ORD-1471,2022-04-04,2022-04-07,Second Class,Consumer,South,Office Supplies,Binders,76.75,7,0.3,-4.15
ORD-1472,2022-08-26,2022-08-28,Same Day,Corporate,Southeast,Furniture,Accessories,212.72,3,0.3,-7.03
ORD-1473,2022-07-23,2022-07-24,First Class,Corporate,South,Technology,Accessories,400.7,3,0.0,101.16
ORD-1474,2022-08-06,2022-08-11,Standard Class,Consumer,Southeast,Technology,Paper,125.84,2,0.4,-19.82
ORD-1475,2022-12-07,2022-12-09,Second Class,Home Office,South,Technology,Chairs,109.26,6,0.1,16.73
ORD-1476,2022-02-08,2022-02-10,Same Day,Consumer,Southeast,Furniture,Paper,476.39,2,0.0,144.43
ORD-1477,2022-04-10,2022-04-11,Same Day,Home Office,Southeast,Office Supplies,Chairs,120.75,4,0.1,43.78
ORD-1478,2022-10-16,2022-10-18,Standard Class,Consumer,Southeast,Office Supplies,Paper,145.24,9,0.0,37.41
ORD-1479,2022-09-11,2022-09-16,Standard Class,Home Office,Southeast,Furniture,Tables,485.42,9,0.4,-58.78
ORD-1480,2022-08-10,2022-08-16,Same Day,Corporate,Southeast,Furniture,Tables,372.66,6,0.0,104.65
ORD-1481,2022-12-23,2022-12-25,First Class,Home Office,Southeast,Office Supplies,Phones,355.81,4,0.1,72.7
ORD-1482,2022-01-23,2022-01-29,Standard Class,Consumer,Southeast,Office Supplies,Paper,429.4,7,0.3,5.89
ORD-1483,2022-09-07,2022-09-12,Same Day,Corporate,Southeast,Office Supplies,Accessories,75.6,1,0.1,22.4
ORD-1484,2022-01-10,2022-01-11,Standard Class,Home Office,Southeast,Office Supplies,Binders,358.86,4,0.2,44.16
ORD-1485,2022-09-03,2022-09-06,First Class,Home Office,South,Furniture,Phones,261.77,5,0.2,35.87
ORD-1486,2022-11-21,2022-11-23,Second Class,Home Office,Midwest,Furniture,Accessories,417.99,8,0.2,39.01
ORD-1487,2022-04-10,2022-04-13,Standard Class,Home Office,Southeast,Technology,Tables,263.91,2,0.2,46.92
ORD-1488,2022-10-17,2022-10-22,First Class,Home Office,Midwest,Office Supplies,Paper,317.72,5,0.4,-35.32
ORD-1489,2022-06-29,2022-07-01,Same Day,Corporate,Southeast,Technology,Phones,249.32,6,0.3,1.09
ORD-1490,2022-08-11,2022-08-17,Standard Class,Corporate,Southeast,Furniture,Paper,249.52,5,0.3,12.96
ORD-1491,2022-09-07,2022-09-11,Standard Class,Corporate,South,Furniture,Tables,388.63,9,0.1,83.39
ORD-1492,2022-05-27,2022-05-30,Same Day,Corporate,West,Technology,Phones,321.71,1,0.0,74.1
ORD-1493,2022-04-06,2022-04-08,Second Class,Consumer,West,Office Supplies,Tables,323.97,3,0.1,64.85
ORD-1494,2022-09-14,2022-09-17,Same Day,Corporate,South,Office Supplies,Chairs,236.14,2,0.1,55.85
ORD-1495,2022-11-21,2022-11-23,Standard Class,Home Office,Midwest,Office Supplies,Tables,274.93,3,0.1,41.55
ORD-1496,2022-01-04,2022-01-05,Same Day,Home Office,West,Office Supplies,Paper,377.94,9,0.1,83.09
ORD-1497,2022-01-16,2022-01-22,First Class,Corporate,South,Technology,Binders,416.45,9,0.3,3.9
ORD-1498,2022-10-07,2022-10-10,Same Day,Home Office,South,Technology,Tables,354.35,2,0.0,118.14
ORD-1499,2022-12-02,2022-12-06,Standard Class,Corporate,West,Furniture,Accessories,463.56,3,0.1,85.79
ORD-1500,2022-09-04,2022-09-08,Same Day,Home Office,Midwest,Office Supplies,Binders,413.76,4,0.3,9.96
ORD-1501,2022-09-15,2022-09-20,Second Class,Consumer,South,Office Supplies,Chairs,289.69,9,0.1,59.53
ORD-1502,2022-06-09,2022-06-11,Same Day,Consumer,Southeast,Office Supplies,Phones,342.27,3,0.2,51.89
ORD-1503,2022-12-06,2022-12-09,Second Class,Corporate,Midwest,Technology,Phones,464.63,7,0.1,120.79
ORD-1504,2022-06-01,2022-06-06,First Class,Corporate,Midwest,Office Supplies,Binders,317.2,3,0.1,78.82
ORD-1505,2022-06-27,2022-06-30,Second Class,Corporate,West,Technology,Phones,415.91,7,0.4,-36.79
ORD-1506,2022-06-12,2022-06-14,Same Day,Home Office,West,Office Supplies,Tables,350.63,7,0.2,58.27
ORD-1507,2022-02-02,2022-02-06,Standard Class,Corporate,Southeast,Office Supplies,Binders,284.93,9,0.0,91.51
ORD-1508,2022-06-28,2022-06-29,Second Class,Consumer,South,Furniture,Paper,136.08,2,0.1,18.14
ORD-1509,2022-04-11,2022-04-15,First Class,Home Office,West,Office Supplies,Tables,224.48,6,0.0,66.95
ORD-1510,2022-09-25,2022-09-30,Second Class,Corporate,West,Office Supplies,Tables,484.52,9,0.2,56.07
ORD-1511,2022-11-19,2022-11-25,Second Class,Home Office,Midwest,Furniture,Tables,335.73,2,0.1,75.41
ORD-1512,2022-03-06,2022-03-07,Second Class,Home Office,West,Technology,Paper,290.91,2,0.4,-40.34
ORD-1513,2022-06-17,2022-06-22,First Class,Corporate,West,Technology,Chairs,467.82,5,0.3,-10.94
ORD-1514,2022-11-26,2022-11-28,Same Day,Home Office,West,Office Supplies,Accessories,301.53,8,0.4,-33.57
ORD-1515,2022-02-12,2022-02-13,Second Class,Consumer,West,Technology,Phones,272.52,9,0.4,-21.91
ORD-1516,2022-02-13,2022-02-18,Second Class,Consumer,Midwest,Office Supplies,Binders,384.47,2,0.3,6.63
ORD-1517,2022-10-12,2022-10-14,Standard Class,Home Office,Southeast,Furniture,Chairs,362.08,5,0.3,1.41
ORD-1518,2022-01-12,2022-01-16,First Class,Corporate,Southeast,Furniture,Binders,112.72,7,0.3,-8.34
ORD-1519,2022-04-05,2022-04-11,Second Class,Home Office,South,Office Supplies,Phones,246.23,6,0.1,66.62
ORD-1520,2022-10-29,2022-10-31,First Class,Consumer,West,Furniture,Paper,246.81,6,0.0,63.32
ORD-1521,2022-09-10,2022-09-13,Second Class,Home Office,Midwest,Furniture,Tables,201.55,7,0.0,73.49
ORD-1522,2022-08-30,2022-09-01,Same Day,Home Office,South,Office Supplies,Tables,268.3,3,0.3,7.39
ORD-1523,2022-02-04,2022-02-06,Same Day,Consumer,South,Office Supplies,Paper,218.29,3,0.4,-9.03
ORD-1524,2022-08-03,2022-08-09,Second Class,Home Office,Southeast,Furniture,Chairs,115.69,9,0.2,7.12
ORD-1525,2022-12-03,2022-12-06,Same Day,Home Office,Midwest,Technology,Chairs,217.94,8,0.3,-1.43
ORD-1526,2022-03-31,2022-04-05,Second Class,Corporate,Midwest,Technology,Binders,54.69,5,0.4,-4.92
ORD-1527,2022-09-21,2022-09-26,Same Day,Corporate,Midwest,Office Supplies,Paper,296.38,6,0.4,-34.4
ORD-1528,2022-04-03,2022-04-05,Standard Class,Consumer,Southeast,Office Supplies,Chairs,429.75,1,0.1,88.2
ORD-1529,2022-03-31,2022-04-03,Standard Class,Consumer,Southeast,Technology,Paper,368.14,1,0.1,89.42
ORD-1530,2022-04-25,2022-04-28,Standard Class,Consumer,Southeast,Furniture,Phones,192.99,4,0.0,44.93
ORD-1531,2022-04-15,2022-04-21,First Class,Corporate,Southeast,Technology,Tables,61.79,2,0.0,11.96
ORD-1532,2022-07-15,2022-07-19,First Class,Consumer,Southeast,Technology,Tables,117.03,7,0.2,4.05
ORD-1533,2022-11-10,2022-11-15,Standard Class,Consumer,West,Technology,Tables,281.84,2,0.2,27.24
ORD-1534,2022-04-24,2022-04-30,First Class,Consumer,West,Technology,Paper,119.39,2,0.2,10.58
ORD-1535,2022-03-16,2022-03-17,Same Day,Corporate,Midwest,Office Supplies,Paper,281.11,5,0.2,35.83
ORD-1536,2022-08-05,2022-08-10,Second Class,Home Office,South,Office Supplies,Binders,131.17,4,0.4,-12.78
ORD-1537,2022-10-04,2022-10-10,Second Class,Consumer,Midwest,Furniture,Tables,427.48,8,0.4,-39.72
ORD-1538,2022-09-06,2022-09-11,Second Class,Home Office,South,Furniture,Binders,210.69,4,0.0,67.19
ORD-1539,2022-06-13,2022-06-17,Standard Class,Consumer,Southeast,Furniture,Tables,137.86,6,0.1,30.03
ORD-1540,2022-12-23,2022-12-24,First Class,Home Office,South,Furniture,Binders,409.92,5,0.1,89.02
ORD-1541,2022-07-11,2022-07-15,Same Day,Corporate,Midwest,Technology,Binders,184.56,2,0.3,-1.22
ORD-1542,2022-08-15,2022-08-16,Same Day,Corporate,Midwest,Office Supplies,Phones,73.51,8,0.4,9.11
ORD-1543,2022-06-26,2022-06-28,Standard Class,Consumer,South,Office Supplies,Binders,293.8,2,0.2,54.8
ORD-1544,2022-04-09,2022-04-15,Same Day,Home Office,West,Furniture,Paper,299.15,9,0.2,36.98
ORD-1545,2022-02-05,2022-02-06,Same Day,Corporate,Southeast,Furniture,Binders,363.05,9,0.3,2.28
ORD-1546,2022-04-06,2022-04-10,Same Day,Consumer,Southeast,Technology,Tables,135.31,3,0.1,33.31
ORD-1547,2022-06-01,2022-06-06,Same Day,Consumer,Midwest,Technology,Binders,233.01,4,0.2,12.29
ORD-1548,2022-05-31,2022-06-01,First Class,Corporate,West,Furniture,Chairs,155.54,8,0.1,32.91
ORD-1549,2022-07-09,2022-07-15,Same Day,Corporate,South,Office Supplies,Accessories,58.86,9,0.3,-7.31
ORD-1550,2022-08-12,2022-08-13,Second Class,Consumer,Southeast,Office Supplies,Tables,440.77,3,0.1,93.25
ORD-1551,2022-02-06,2022-02-09,Standard Class,Home Office,West,Office Supplies,Chairs,369.86,5,0.1,66.71
ORD-1552,2022-09-25,2022-09-30,First Class,Home Office,Southeast,Furniture,Tables,164.7,8,0.1,29.49
ORD-1553,2022-07-02,2022-07-08,Same Day,Home Office,West,Office Supplies,Paper,307.7,3,0.2,12.05
ORD-1554,2022-01-13,2022-01-19,First Class,Consumer,West,Technology,Accessories,116.61,7,0.0,23.25
ORD-1555,2022-10-06,2022-10-08,Same Day,Corporate,Midwest,Technology,Accessories,447.31,8,0.4,-41.18
ORD-1556,2022-08-05,2022-08-09,Second Class,Consumer,Southeast,Furniture,Paper,75.16,3,0.1,6.34
ORD-1557,2022-12-21,2022-12-23,Standard Class,Corporate,South,Technology,Accessories,21.84,2,0.1,15.01
ORD-1558,2022-12-27,2023-01-02,Same Day,Home Office,Midwest,Furniture,Paper,260.96,7,0.1,42.65
ORD-1559,2022-10-13,2022-10-18,Same Day,Home Office,Midwest,Office Supplies,Chairs,299.9,9,0.0,94.5
ORD-1560,2022-09-30,2022-10-01,Same Day,Corporate,South,Office Supplies,Phones,297.9,1,0.3,-7.62
ORD-1561,2022-03-03,2022-03-04,Same Day,Corporate,Midwest,Office Supplies,Tables,46.17,3,0.2,8.47
ORD-1562,2022-03-25,2022-03-30,Standard Class,Consumer,West,Technology,Paper,170.74,5,0.0,35.87
ORD-1563,2022-08-05,2022-08-11,Standard Class,Home Office,West,Furniture,Tables,259.62,3,0.1,47.39
ORD-1564,2022-12-08,2022-12-09,Second Class,Consumer,Southeast,Office Supplies,Chairs,123.96,1,0.0,28.73
ORD-1565,2022-07-06,2022-07-07,Standard Class,Consumer,Southeast,Furniture,Phones,438.86,7,0.0,140.49
ORD-1566,2022-01-19,2022-01-20,Same Day,Consumer,South,Office Supplies,Chairs,61.81,7,0.0,23.17
ORD-1567,2022-06-26,2022-06-30,Second Class,Home Office,Southeast,Technology,Accessories,253.94,8,0.3,-12.33
ORD-1568,2022-04-10,2022-04-14,Second Class,Consumer,West,Technology,Tables,351.88,5,0.4,-37.22
ORD-1569,2022-08-21,2022-08-24,Second Class,Consumer,South,Furniture,Phones,145.64,5,0.2,6.84
ORD-1570,2022-03-17,2022-03-19,Same Day,Consumer,South,Technology,Accessories,319.64,5,0.3,9.5
ORD-1571,2022-09-22,2022-09-27,First Class,Consumer,Southeast,Technology,Phones,418.1,1,0.3,12.72
ORD-1572,2022-10-11,2022-10-16,Same Day,Consumer,West,Furniture,Accessories,111.36,5,0.4,-25.55
ORD-1573,2022-07-25,2022-07-30,Standard Class,Consumer,South,Office Supplies,Chairs,460.27,6,0.3,8.27
ORD-1574,2022-08-11,2022-08-14,Standard Class,Home Office,West,Technology,Paper,285.71,1,0.0,77.48
ORD-1575,2022-02-21,2022-02-25,Same Day,Consumer,West,Furniture,Tables,163.63,7,0.0,46.56
ORD-1576,2022-12-05,2022-12-11,Same Day,Corporate,West,Technology,Binders,226.81,1,0.1,45.68
ORD-1577,2022-05-24,2022-05-30,Second Class,Consumer,Southeast,Technology,Binders,169.85,2,0.3,18.17
ORD-1578,2022-03-10,2022-03-13,Same Day,Consumer,Midwest,Technology,Chairs,368.05,2,0.1,63.57
ORD-1579,2022-04-09,2022-04-15,Second Class,Home Office,Midwest,Technology,Tables,402.22,5,0.2,48.57
ORD-1580,2022-01-25,2022-01-30,Standard Class,Home Office,South,Furniture,Tables,419.81,7,0.0,114.23
ORD-1581,2022-02-22,2022-02-24,Second Class,Corporate,West,Furniture,Chairs,493.17,1,0.2,36.91
ORD-1582,2022-05-31,2022-06-01,Same Day,Corporate,Southeast,Furniture,Tables,399.82,1,0.4,-39.7
ORD-1583,2022-05-24,2022-05-28,Standard Class,Home Office,West,Technology,Paper,308.66,1,0.0,92.82
ORD-1584,2022-02-26,2022-03-02,First Class,Home Office,West,Technology,Chairs,182.83,6,0.2,-10.04
ORD-1585,2022-02-08,2022-02-11,Second Class,Consumer,Southeast,Technology,Paper,281.41,2,0.4,-16.55
ORD-1586,2022-04-19,2022-04-23,Standard Class,Home Office,Midwest,Furniture,Tables,39.71,1,0.2,-17.42
ORD-1587,2022-06-30,2022-07-05,Second Class,Corporate,West,Technology,Chairs,377.52,6,0.4,-39.21
ORD-1588,2022-02-11,2022-02-17,Standard Class,Consumer,West,Office Supplies,Tables,234.06,2,0.4,-10.13
ORD-1589,2022-07-05,2022-07-10,Standard Class,Corporate,Midwest,Technology,Chairs,29.61,6,0.0,30.97
ORD-1590,2022-08-11,2022-08-14,Second Class,Consumer,Southeast,Office Supplies,Tables,50.0,8,0.1,6.37
ORD-1591,2022-05-02,2022-05-07,First Class,Home Office,South,Technology,Paper,205.98,2,0.4,-34.93
ORD-1592,2022-05-13,2022-05-19,Standard Class,Corporate,Midwest,Furniture,Paper,300.04,9,0.4,-17.1
ORD-1593,2022-06-12,2022-06-14,Standard Class,Consumer,South,Technology,Tables,242.82,8,0.0,81.5
ORD-1594,2022-08-03,2022-08-06,Standard Class,Consumer,South,Office Supplies,Chairs,317.22,1,0.1,58.55
ORD-1595,2022-08-09,2022-08-11,First Class,Home Office,Midwest,Office Supplies,Binders,250.54,7,0.3,-6.16
ORD-1596,2022-08-23,2022-08-24,First Class,Home Office,West,Technology,Paper,337.62,6,0.3,-7.17
ORD-1597,2022-11-27,2022-11-29,Same Day,Home Office,South,Office Supplies,Paper,125.18,6,0.1,21.59
ORD-1598,2022-05-26,2022-05-27,Second Class,Corporate,South,Office Supplies,Accessories,74.16,6,0.2,10.58
ORD-1599,2022-08-27,2022-08-28,First Class,Consumer,Southeast,Furniture,Binders,306.29,6,0.0,86.23
ORD-1600,2022-03-17,2022-03-19,Second Class,Home Office,West,Technology,Tables,252.65,7,0.1,46.13
ORD-1601,2022-01-09,2022-01-12,Same Day,Corporate,South,Technology,Chairs,32.9,3,0.3,6.41
ORD-1602,2022-03-15,2022-03-21,Second Class,Corporate,Southeast,Technology,Accessories,202.63,6,0.4,-35.09
ORD-1603,2022-09-10,2022-09-15,First Class,Corporate,West,Office Supplies,Tables,70.94,3,0.3,-3.76
ORD-1604,2022-08-18,2022-08-23,Second Class,Home Office,Midwest,Technology,Phones,275.05,7,0.4,-44.26
ORD-1605,2022-01-07,2022-01-13,First Class,Home Office,Midwest,Technology,Paper,209.97,7,0.0,64.08
ORD-1606,2022-06-23,2022-06-24,Second Class,Consumer,Southeast,Furniture,Phones,314.31,8,0.4,-50.83
ORD-1607,2022-05-21,2022-05-22,First Class,Consumer,Midwest,Furniture,Paper,406.69,2,0.1,90.24
ORD-1608,2022-06-17,2022-06-20,First Class,Home Office,South,Furniture,Paper,163.84,9,0.4,-29.53
ORD-1609,2022-06-19,2022-06-23,Second Class,Corporate,West,Office Supplies,Phones,481.81,5,0.2,30.46
ORD-1610,2022-10-10,2022-10-12,Same Day,Corporate,South,Technology,Phones,277.1,9,0.1,51.78
ORD-1611,2022-05-02,2022-05-03,Standard Class,Corporate,South,Furniture,Tables,316.78,5,0.0,112.15
ORD-1612,2022-07-13,2022-07-18,Same Day,Consumer,Midwest,Furniture,Accessories,346.72,7,0.1,76.46
ORD-1613,2022-01-05,2022-01-08,Second Class,Corporate,South,Furniture,Accessories,340.03,9,0.2,14.78
ORD-1614,2022-01-29,2022-01-31,Same Day,Consumer,Midwest,Technology,Phones,265.27,4,0.0,66.15
ORD-1615,2022-06-14,2022-06-17,First Class,Consumer,West,Technology,Tables,225.81,2,0.3,-3.96
ORD-1616,2022-12-05,2022-12-07,Standard Class,Corporate,West,Technology,Accessories,45.82,9,0.2,26.97
ORD-1617,2022-05-16,2022-05-18,Second Class,Corporate,South,Office Supplies,Tables,30.6,2,0.0,-0.21
ORD-1618,2022-12-31,2023-01-06,Second Class,Home Office,Southeast,Office Supplies,Tables,191.82,3,0.4,-28.49
ORD-1619,2022-11-17,2022-11-18,Second Class,Home Office,Midwest,Furniture,Paper,180.16,2,0.1,51.31
ORD-1620,2022-12-08,2022-12-11,Standard Class,Corporate,Midwest,Technology,Accessories,206.09,3,0.0,63.78
ORD-1621,2022-05-25,2022-05-28,First Class,Consumer,South,Furniture,Accessories,86.42,6,0.1,27.81
ORD-1622,2022-11-23,2022-11-29,Second Class,Consumer,Midwest,Technology,Paper,374.32,3,0.4,-44.7
ORD-1623,2022-08-05,2022-08-10,Same Day,Consumer,Midwest,Technology,Phones,431.34,8,0.0,128.39
ORD-1624,2022-10-28,2022-11-02,Second Class,Consumer,Southeast,Technology,Paper,470.58,6,0.3,13.16
ORD-1625,2022-05-12,2022-05-13,Second Class,Consumer,Southeast,Office Supplies,Accessories,256.33,7,0.2,24.18
ORD-1626,2022-10-19,2022-10-20,Second Class,Home Office,South,Office Supplies,Accessories,356.42,1,0.0,118.16
ORD-1627,2022-03-11,2022-03-15,Second Class,Corporate,Southeast,Technology,Phones,430.66,3,0.4,-39.19
ORD-1628,2022-09-09,2022-09-15,First Class,Home Office,South,Furniture,Paper,220.78,3,0.0,55.84
ORD-1629,2022-10-02,2022-10-07,Same Day,Consumer,West,Technology,Chairs,168.52,2,0.1,33.54
ORD-1630,2022-12-30,2023-01-01,First Class,Consumer,South,Technology,Chairs,469.63,7,0.0,150.7
ORD-1631,2022-07-01,2022-07-04,Same Day,Consumer,West,Furniture,Phones,267.52,9,0.3,6.69
ORD-1632,2022-06-16,2022-06-17,Second Class,Consumer,South,Technology,Paper,258.68,4,0.0,77.2
ORD-1633,2022-04-01,2022-04-04,Standard Class,Corporate,Midwest,Furniture,Paper,105.64,5,0.2,-8.35
ORD-1634,2022-07-21,2022-07-24,First Class,Consumer,Southeast,Office Supplies,Tables,71.91,3,0.0,3.61
ORD-1635,2022-12-12,2022-12-16,Standard Class,Corporate,West,Office Supplies,Accessories,424.21,9,0.1,69.01
ORD-1636,2022-01-19,2022-01-24,First Class,Consumer,South,Furniture,Binders,314.78,4,0.0,89.33
ORD-1637,2022-02-08,2022-02-09,Second Class,Corporate,Southeast,Office Supplies,Phones,176.4,5,0.3,-3.77
ORD-1638,2022-05-06,2022-05-09,First Class,Home Office,South,Office Supplies,Binders,112.03,1,0.4,-25.96
ORD-1639,2022-06-22,2022-06-23,Second Class,Consumer,Southeast,Furniture,Binders,286.64,2,0.0,96.22
ORD-1640,2022-05-21,2022-05-23,First Class,Corporate,Southeast,Office Supplies,Phones,300.28,9,0.0,77.45
ORD-1641,2022-08-30,2022-09-03,Second Class,Home Office,South,Technology,Paper,119.36,2,0.2,-1.77
ORD-1642,2022-08-08,2022-08-10,Second Class,Consumer,West,Technology,Phones,428.67,5,0.3,0.88
ORD-1643,2022-05-06,2022-05-07,Same Day,Consumer,West,Furniture,Binders,60.45,8,0.4,3.69
ORD-1644,2022-02-27,2022-02-28,Second Class,Consumer,Midwest,Office Supplies,Accessories,190.92,3,0.1,58.73
ORD-1645,2022-05-28,2022-06-02,Same Day,Corporate,Southeast,Technology,Accessories,346.58,6,0.0,109.8
ORD-1646,2022-11-13,2022-11-16,Second Class,Corporate,Midwest,Technology,Accessories,151.58,4,0.4,0.64
ORD-1647,2022-12-27,2022-12-30,Standard Class,Home Office,Midwest,Office Supplies,Paper,417.28,7,0.1,71.34
ORD-1648,2022-01-01,2022-01-03,Second Class,Corporate,South,Office Supplies,Chairs,375.14,3,0.3,21.6
ORD-1649,2022-12-14,2022-12-18,Standard Class,Corporate,South,Technology,Phones,398.73,6,0.3,-18.61
ORD-1650,2022-07-09,2022-07-15,Standard Class,Consumer,South,Technology,Accessories,77.17,9,0.4,-12.76
ORD-1651,2022-07-10,2022-07-13,Second Class,Consumer,Southeast,Furniture,Phones,87.46,1,0.1,23.1
ORD-1652,2022-11-08,2022-11-13,Standard Class,Consumer,South,Furniture,Accessories,157.51,3,0.3,-16.05
ORD-1653,2022-04-27,2022-04-29,Same Day,Consumer,South,Technology,Paper,268.68,2,0.4,-36.14
ORD-1654,2022-05-14,2022-05-16,First Class,Consumer,Southeast,Furniture,Chairs,379.05,8,0.3,-10.86
ORD-1655,2022-02-27,2022-03-05,Second Class,Consumer,Southeast,Technology,Chairs,421.53,7,0.3,-3.1
ORD-1656,2022-02-13,2022-02-18,Standard Class,Consumer,West,Technology,Accessories,358.08,2,0.3,14.22
ORD-1657,2022-06-22,2022-06-26,Second Class,Home Office,South,Furniture,Paper,465.73,6,0.2,46.74
ORD-1658,2022-06-09,2022-06-14,Same Day,Home Office,South,Furniture,Tables,374.6,3,0.1,70.29
ORD-1659,2022-06-22,2022-06-26,Second Class,Home Office,South,Office Supplies,Phones,167.01,8,0.4,-45.54
ORD-1660,2022-11-13,2022-11-18,Second Class,Home Office,West,Office Supplies,Phones,147.24,3,0.4,-10.06
ORD-1661,2022-10-30,2022-11-04,Standard Class,Consumer,South,Office Supplies,Binders,354.17,9,0.1,78.73
ORD-1662,2022-05-29,2022-05-30,Same Day,Home Office,West,Technology,Paper,112.58,1,0.1,5.52
ORD-1663,2022-03-21,2022-03-23,First Class,Consumer,Midwest,Furniture,Binders,64.5,5,0.1,12.23
ORD-1664,2022-08-01,2022-08-06,First Class,Home Office,West,Technology,Accessories,275.47,3,0.1,57.02
ORD-1665,2022-07-22,2022-07-28,Standard Class,Corporate,Midwest,Furniture,Binders,414.39,6,0.0,133.96
ORD-1666,2022-09-09,2022-09-14,Second Class,Home Office,South,Technology,Chairs,68.66,2,0.4,-14.11
ORD-1667,2022-08-17,2022-08-20,Standard Class,Home Office,Midwest,Office Supplies,Phones,400.11,9,0.0,111.28
ORD-1668,2022-06-13,2022-06-15,Standard Class,Consumer,West,Office Supplies,Binders,409.55,6,0.3,-4.56
ORD-1669,2022-08-15,2022-08-18,Standard Class,Home Office,Southeast,Office Supplies,Chairs,251.49,7,0.3,12.84
ORD-1670,2022-05-27,2022-05-29,Second Class,Corporate,Midwest,Technology,Paper,47.51,5,0.4,5.69
ORD-1671,2022-01-20,2022-01-23,Same Day,Consumer,Midwest,Furniture,Binders,103.8,9,0.3,-0.21
ORD-1672,2022-02-16,2022-02-21,Standard Class,Consumer,South,Furniture,Accessories,359.56,1,0.1,82.11
ORD-1673,2022-08-21,2022-08-26,Second Class,Home Office,West,Office Supplies,Accessories,361.65,5,0.0,84.81
ORD-1674,2022-11-01,2022-11-02,Same Day,Consumer,Midwest,Office Supplies,Accessories,451.21,6,0.1,98.16
ORD-1675,2022-01-14,2022-01-20,Standard Class,Consumer,Midwest,Office Supplies,Phones,299.69,7,0.3,-11.19
ORD-1676,2022-05-23,2022-05-26,First Class,Consumer,Midwest,Office Supplies,Binders,79.57,4,0.0,41.54
ORD-1677,2022-01-01,2022-01-05,Same Day,Consumer,Midwest,Furniture,Paper,78.28,1,0.1,5.01
ORD-1678,2022-02-23,2022-02-24,Standard Class,Consumer,Southeast,Technology,Binders,366.14,8,0.4,-45.14
ORD-1679,2022-09-16,2022-09-19,Same Day,Consumer,West,Technology,Phones,108.22,4,0.1,27.27
ORD-1680,2022-05-24,2022-05-27,Same Day,Corporate,South,Technology,Chairs,177.63,3,0.3,6.59
ORD-1681,2022-01-12,2022-01-13,Same Day,Home Office,South,Technology,Phones,253.86,7,0.0,71.69
ORD-1682,2022-11-26,2022-12-01,Same Day,Corporate,Southeast,Office Supplies,Accessories,31.89,2,0.4,0.53
ORD-1683,2022-08-12,2022-08-15,Same Day,Consumer,West,Office Supplies,Chairs,139.43,8,0.0,46.78
ORD-1684,2022-09-29,2022-10-04,Same Day,Consumer,Midwest,Office Supplies,Accessories,215.79,6,0.4,-17.65
ORD-1685,2022-12-24,2022-12-25,Standard Class,Home Office,Southeast,Technology,Tables,154.23,7,0.0,42.22
ORD-1686,2022-06-05,2022-06-10,First Class,Corporate,West,Office Supplies,Phones,85.46,5,0.3,5.05
ORD-1687,2022-01-08,2022-01-10,Second Class,Home Office,Midwest,Office Supplies,Phones,369.45,9,0.4,-22.88
ORD-1688,2022-05-02,2022-05-06,Same Day,Corporate,Southeast,Furniture,Paper,410.31,5,0.2,28.78
ORD-1689,2022-12-14,2022-12-17,Second Class,Consumer,West,Furniture,Binders,143.59,5,0.0,34.68
ORD-1690,2022-06-13,2022-06-19,Standard Class,Home Office,South,Office Supplies,Chairs,391.72,3,0.0,117.79
ORD-1691,2022-03-31,2022-04-04,Same Day,Home Office,South,Furniture,Chairs,205.07,1,0.1,30.45
ORD-1692,2022-05-16,2022-05-21,First Class,Consumer,West,Furniture,Paper,263.21,2,0.4,-44.36
ORD-1693,2022-07-05,2022-07-08,Second Class,Home Office,South,Office Supplies,Paper,430.88,8,0.2,54.02
ORD-1694,2022-11-12,2022-11-17,Same Day,Corporate,West,Office Supplies,Binders,379.98,1,0.3,-22.29
ORD-1695,2022-06-27,2022-06-29,Standard Class,Corporate,Midwest,Office Supplies,Accessories,406.46,7,0.1,77.27
ORD-1696,2022-01-28,2022-01-29,First Class,Corporate,West,Office Supplies,Binders,85.69,5,0.2,16.16
ORD-1697,2022-08-08,2022-08-11,Second Class,Corporate,Midwest,Technology,Phones,53.47,3,0.4,-2.68
ORD-1698,2022-12-23,2022-12-25,Second Class,Consumer,Southeast,Technology,Accessories,448.83,7,0.2,41.01
ORD-1699,2022-02-10,2022-02-12,Same Day,Home Office,West,Office Supplies,Tables,206.16,9,0.0,50.87
ORD-1700,2022-08-16,2022-08-19,First Class,Corporate,Southeast,Furniture,Binders,158.18,2,0.0,50.89
ORD-1701,2022-07-11,2022-07-16,First Class,Consumer,South,Office Supplies,Paper,367.85,8,0.1,63.69
ORD-1702,2022-05-25,2022-05-31,First Class,Home Office,Midwest,Office Supplies,Accessories,421.48,9,0.4,-39.49
ORD-1703,2022-07-20,2022-07-22,First Class,Home Office,West,Furniture,Binders,434.0,3,0.4,-41.99
ORD-1704,2022-07-31,2022-08-04,Standard Class,Consumer,Southeast,Technology,Chairs,171.68,2,0.2,18.68
ORD-1705,2022-08-08,2022-08-10,First Class,Consumer,Midwest,Office Supplies,Tables,429.06,7,0.1,79.41
ORD-1706,2022-08-28,2022-09-03,Second Class,Corporate,Midwest,Office Supplies,Phones,39.65,5,0.4,16.39
ORD-1707,2022-02-15,2022-02-20,Second Class,Home Office,South,Technology,Chairs,43.84,5,0.0,16.73
ORD-1708,2022-02-04,2022-02-09,Standard Class,Home Office,South,Technology,Chairs,319.29,5,0.2,29.14
ORD-1709,2022-09-10,2022-09-14,Second Class,Consumer,Midwest,Furniture,Tables,50.29,4,0.3,2.64
ORD-1710,2022-03-23,2022-03-25,Second Class,Home Office,Midwest,Technology,Phones,175.81,5,0.0,45.0
ORD-1711,2022-09-13,2022-09-18,First Class,Corporate,West,Technology,Paper,342.92,4,0.1,64.72
ORD-1712,2022-07-16,2022-07-22,Second Class,Home Office,Midwest,Technology,Accessories,181.89,6,0.4,5.73
ORD-1713,2022-10-30,2022-11-02,Standard Class,Consumer,West,Furniture,Phones,106.21,4,0.0,24.19
ORD-1714,2022-01-10,2022-01-11,First Class,Consumer,Midwest,Technology,Binders,155.05,2,0.3,-0.78
ORD-1715,2022-11-08,2022-11-09,Same Day,Corporate,South,Technology,Chairs,239.64,9,0.3,-4.56
ORD-1716,2022-10-13,2022-10-14,First Class,Corporate,West,Furniture,Binders,248.19,2,0.1,39.24
ORD-1717,2022-08-30,2022-09-01,Standard Class,Home Office,Southeast,Technology,Paper,395.84,9,0.0,122.96
ORD-1718,2022-09-08,2022-09-12,First Class,Home Office,South,Technology,Binders,380.07,6,0.2,38.37
ORD-1719,2022-12-31,2023-01-05,First Class,Consumer,West,Furniture,Phones,239.27,9,0.0,80.89
ORD-1720,2022-01-05,2022-01-08,Standard Class,Corporate,West,Office Supplies,Binders,425.92,9,0.3,8.11
ORD-1721,2022-04-29,2022-05-05,First Class,Corporate,Southeast,Furniture,Paper,74.83,3,0.1,23.97
ORD-1722,2022-10-16,2022-10-19,Standard Class,Corporate,West,Technology,Paper,142.57,1,0.1,19.33
ORD-1723,2022-03-06,2022-03-12,Standard Class,Home Office,Midwest,Technology,Paper,417.43,1,0.2,48.15
ORD-1724,2022-05-26,2022-05-28,Same Day,Corporate,Southeast,Technology,Phones,201.44,3,0.1,46.94
ORD-1725,2022-08-12,2022-08-13,Second Class,Consumer,South,Furniture,Paper,490.97,5,0.1,87.98
ORD-1726,2022-08-27,2022-08-29,Second Class,Consumer,South,Technology,Chairs,243.8,3,0.1,45.57
ORD-1727,2022-06-26,2022-06-30,First Class,Home Office,Midwest,Technology,Paper,400.13,9,0.1,65.46
ORD-1728,2022-09-24,2022-09-28,First Class,Home Office,South,Furniture,Binders,213.11,9,0.1,49.32
ORD-1729,2022-12-07,2022-12-13,Same Day,Corporate,West,Office Supplies,Accessories,223.98,3,0.3,6.65
ORD-1730,2022-10-09,2022-10-14,Same Day,Home Office,West,Office Supplies,Binders,203.78,3,0.0,75.44
ORD-1731,2022-03-04,2022-03-09,Same Day,Consumer,Midwest,Technology,Accessories,365.16,5,0.4,-38.8
ORD-1732,2022-08-05,2022-08-11,Standard Class,Corporate,South,Furniture,Binders,282.81,2,0.1,61.08
ORD-1733,2022-12-08,2022-12-12,Same Day,Consumer,South,Technology,Phones,473.01,6,0.4,-37.42
ORD-1734,2022-11-11,2022-11-15,Same Day,Corporate,Midwest,Furniture,Binders,140.43,7,0.4,-21.58
ORD-1735,2022-10-10,2022-10-14,First Class,Home Office,Southeast,Furniture,Phones,68.27,9,0.3,-9.06
ORD-1736,2022-06-26,2022-06-28,Same Day,Corporate,South,Office Supplies,Phones,208.77,6,0.1,34.53
ORD-1737,2022-04-08,2022-04-12,Standard Class,Corporate,Southeast,Office Supplies,Paper,316.02,3,0.4,-35.09
ORD-1738,2022-04-15,2022-04-18,Standard Class,Consumer,South,Furniture,Chairs,433.18,5,0.1,77.93
ORD-1739,2022-04-09,2022-04-10,First Class,Consumer,South,Technology,Accessories,186.17,4,0.2,11.82
ORD-1740,2022-11-07,2022-11-11,Same Day,Corporate,South,Office Supplies,Paper,333.82,5,0.2,42.19
ORD-1741,2022-01-06,2022-01-12,Same Day,Home Office,South,Technology,Paper,188.1,8,0.2,17.85
ORD-1742,2022-07-16,2022-07-17,Standard Class,Home Office,West,Office Supplies,Phones,316.27,8,0.4,-28.56
ORD-1743,2022-12-17,2022-12-19,Same Day,Consumer,Southeast,Office Supplies,Phones,444.71,6,0.2,38.96
ORD-1744,2022-05-13,2022-05-19,Same Day,Home Office,Southeast,Technology,Accessories,131.05,1,0.3,-6.16
ORD-1745,2022-12-24,2022-12-25,Same Day,Consumer,South,Office Supplies,Binders,214.04,8,0.3,2.86
ORD-1746,2022-09-16,2022-09-22,Second Class,Home Office,South,Office Supplies,Binders,496.77,8,0.4,-48.42
ORD-1747,2022-01-23,2022-01-25,First Class,Corporate,Southeast,Technology,Paper,436.91,2,0.1,95.16
ORD-1748,2022-02-22,2022-02-25,Second Class,Consumer,West,Office Supplies,Tables,291.03,4,0.0,100.32
ORD-1749,2022-06-14,2022-06-16,First Class,Consumer,Midwest,Office Supplies,Tables,267.98,2,0.1,46.68
ORD-1750,2022-07-21,2022-07-23,Standard Class,Corporate,Midwest,Office Supplies,Binders,156.61,4,0.1,39.93
ORD-1751,2022-03-24,2022-03-30,Same Day,Consumer,Southeast,Technology,Tables,268.26,7,0.1,42.85
ORD-1752,2022-05-25,2022-05-30,First Class,Home Office,South,Furniture,Binders,427.13,9,0.1,106.16
ORD-1753,2022-03-26,2022-03-30,Second Class,Home Office,South,Technology,Phones,348.88,8,0.0,96.8
ORD-1754,2022-03-19,2022-03-23,Same Day,Consumer,West,Furniture,Paper,159.22,9,0.2,22.83
ORD-1755,2022-01-01,2022-01-04,Standard Class,Home Office,Midwest,Office Supplies,Chairs,116.7,8,0.1,12.47
ORD-1756,2022-02-20,2022-02-23,First Class,Consumer,West,Furniture,Paper,147.3,2,0.3,-1.52
ORD-1757,2022-06-22,2022-06-26,First Class,Corporate,Midwest,Technology,Binders,101.48,7,0.4,5.31
ORD-1758,2022-07-24,2022-07-29,First Class,Consumer,Southeast,Technology,Binders,65.91,2,0.4,-14.77
ORD-1759,2022-09-17,2022-09-21,Same Day,Corporate,Midwest,Office Supplies,Paper,221.19,2,0.3,22.04
ORD-1760,2022-10-15,2022-10-20,Second Class,Home Office,West,Furniture,Accessories,74.38,4,0.1,14.82
ORD-1761,2022-02-03,2022-02-06,Second Class,Corporate,West,Office Supplies,Binders,102.52,1,0.0,40.51
ORD-1762,2022-12-14,2022-12-15,First Class,Home Office,West,Office Supplies,Tables,282.72,5,0.2,32.3
ORD-1763,2022-04-05,2022-04-11,Standard Class,Consumer,Southeast,Technology,Tables,99.01,6,0.4,-5.33
ORD-1764,2022-03-13,2022-03-16,Standard Class,Home Office,Midwest,Furniture,Binders,50.66,9,0.2,-9.2
ORD-1765,2022-02-08,2022-02-11,Second Class,Consumer,Midwest,Furniture,Binders,172.35,8,0.0,46.98
ORD-1766,2022-06-03,2022-06-05,Standard Class,Consumer,West,Furniture,Accessories,125.75,2,0.4,-0.62
ORD-1767,2022-09-07,2022-09-09,Second Class,Corporate,Midwest,Furniture,Tables,267.35,1,0.2,23.29
ORD-1768,2022-06-11,2022-06-13,First Class,Corporate,South,Office Supplies,Binders,69.14,2,0.0,22.13
ORD-1769,2022-04-28,2022-05-04,Second Class,Corporate,South,Office Supplies,Binders,380.85,7,0.2,22.61
ORD-1770,2022-09-16,2022-09-18,Second Class,Corporate,South,Technology,Accessories,454.99,4,0.1,85.62
ORD-1771,2022-11-02,2022-11-07,First Class,Home Office,Midwest,Office Supplies,Accessories,376.85,5,0.0,124.29
ORD-1772,2022-09-25,2022-09-29,Standard Class,Home Office,Southeast,Office Supplies,Paper,275.76,7,0.2,14.75
ORD-1773,2022-02-23,2022-02-24,Second Class,Home Office,Southeast,Technology,Accessories,433.12,3,0.1,93.79
ORD-1774,2022-08-24,2022-08-27,Second Class,Consumer,Southeast,Technology,Chairs,353.56,2,0.1,72.49
ORD-1775,2022-08-10,2022-08-15,First Class,Home Office,Southeast,Technology,Tables,25.06,7,0.0,5.16
ORD-1776,2022-09-08,2022-09-09,Standard Class,Home Office,South,Office Supplies,Paper,209.16,5,0.3,-2.8
ORD-1777,2022-11-09,2022-11-14,Second Class,Home Office,South,Office Supplies,Chairs,428.46,1,0.4,-47.76
ORD-1778,2022-04-22,2022-04-27,First Class,Corporate,West,Technology,Binders,186.01,1,0.0,51.78
ORD-1779,2022-09-12,2022-09-15,Second Class,Home Office,Midwest,Technology,Binders,36.9,9,0.1,16.68
ORD-1780,2022-10-30,2022-11-03,Same Day,Consumer,Midwest,Technology,Paper,378.17,5,0.1,71.31
ORD-1781,2022-07-26,2022-07-28,First Class,Corporate,Southeast,Office Supplies,Accessories,404.98,1,0.0,139.57
ORD-1782,2022-08-17,2022-08-23,Standard Class,Consumer,South,Office Supplies,Binders,97.08,7,0.3,3.0
ORD-1783,2022-12-07,2022-12-11,Standard Class,Home Office,Southeast,Furniture,Phones,277.92,9,0.4,-33.55
ORD-1784,2022-03-07,2022-03-13,Standard Class,Corporate,West,Office Supplies,Paper,112.14,1,0.2,20.95
ORD-1785,2022-03-16,2022-03-19,Standard Class,Consumer,Midwest,Office Supplies,Chairs,365.23,4,0.0,115.81
ORD-1786,2022-04-13,2022-04-16,Second Class,Home Office,Midwest,Office Supplies,Paper,150.34,3,0.4,-31.58
ORD-1787,2022-07-11,2022-07-14,Second Class,Consumer,Southeast,Technology,Tables,171.78,5,0.4,-27.52
ORD-1788,2022-09-09,2022-09-10,Standard Class,Consumer,West,Office Supplies,Accessories,425.59,7,0.1,83.96
ORD-1789,2022-08-14,2022-08-20,Standard Class,Consumer,Midwest,Technology,Accessories,248.63,8,0.2,9.03
ORD-1790,2022-10-21,2022-10-25,Standard Class,Home Office,West,Furniture,Paper,341.48,2,0.0,123.35
ORD-1791,2022-11-02,2022-11-06,Second Class,Home Office,West,Furniture,Binders,213.14,7,0.1,50.85
ORD-1792,2022-04-08,2022-04-13,Standard Class,Consumer,Southeast,Technology,Binders,163.04,1,0.1,32.47
ORD-1793,2022-12-04,2022-12-09,Standard Class,Corporate,South,Technology,Phones,320.23,7,0.3,-3.43
ORD-1794,2022-10-13,2022-10-18,Same Day,Corporate,Southeast,Technology,Phones,94.33,8,0.4,-15.43
ORD-1795,2022-12-01,2022-12-04,Same Day,Home Office,South,Office Supplies,Accessories,199.04,2,0.0,40.07
ORD-1796,2022-12-13,2022-12-17,Standard Class,Home Office,West,Furniture,Phones,120.34,9,0.0,18.77
ORD-1797,2022-11-04,2022-11-10,First Class,Home Office,South,Technology,Chairs,353.98,1,0.0,125.21
ORD-1798,2022-09-06,2022-09-09,Standard Class,Home Office,West,Office Supplies,Phones,473.22,6,0.1,110.38
ORD-1799,2022-06-15,2022-06-16,Same Day,Home Office,Midwest,Furniture,Chairs,497.85,1,0.3,-5.76
ORD-1800,2022-12-01,2022-12-06,First Class,Corporate,Midwest,Office Supplies,Phones,236.13,3,0.2,32.69
ORD-1801,2022-01-30,2022-02-02,First Class,Home Office,Midwest,Furniture,Accessories,141.21,6,0.1,33.31
ORD-1802,2022-09-04,2022-09-07,Standard Class,Consumer,Southeast,Office Supplies,Accessories,232.56,3,0.2,29.5
ORD-1803,2022-04-16,2022-04-17,Same Day,Consumer,Southeast,Furniture,Chairs,426.69,8,0.3,-14.25
ORD-1804,2022-02-20,2022-02-22,Same Day,Corporate,West,Furniture,Paper,118.88,5,0.4,-29.97
ORD-1805,2022-03-22,2022-03-26,First Class,Consumer,Midwest,Office Supplies,Accessories,477.01,2,0.0,154.93
ORD-1806,2022-05-13,2022-05-19,Standard Class,Corporate,Southeast,Technology,Paper,184.1,4,0.2,-1.38
ORD-1807,2022-10-12,2022-10-14,Second Class,Corporate,Midwest,Furniture,Binders,493.19,9,0.1,97.16
ORD-1808,2022-05-18,2022-05-23,Second Class,Consumer,Southeast,Technology,Chairs,422.53,4,0.2,38.58
ORD-1809,2022-07-03,2022-07-06,Same Day,Home Office,South,Office Supplies,Accessories,408.11,8,0.4,-45.41
ORD-1810,2022-11-26,2022-11-27,Second Class,Consumer,South,Technology,Tables,172.59,5,0.0,54.92
ORD-1811,2022-09-30,2022-10-01,Same Day,Consumer,Midwest,Technology,Binders,24.21,1,0.2,-4.35
ORD-1812,2022-12-06,2022-12-10,Same Day,Corporate,West,Technology,Paper,203.42,7,0.4,-16.38
ORD-1813,2022-03-10,2022-03-12,Same Day,Consumer,Southeast,Technology,Accessories,164.87,3,0.1,34.39
ORD-1814,2022-02-03,2022-02-07,Second Class,Corporate,Southeast,Technology,Chairs,37.95,8,0.3,20.99
ORD-1815,2022-09-19,2022-09-22,Same Day,Home Office,South,Furniture,Phones,262.58,3,0.1,38.66
ORD-1816,2022-02-22,2022-02-26,First Class,Home Office,South,Furniture,Tables,213.46,1,0.0,64.33
ORD-1817,2022-07-24,2022-07-30,Standard Class,Home Office,West,Furniture,Paper,324.59,5,0.1,69.23
ORD-1818,2022-05-06,2022-05-07,Standard Class,Consumer,West,Office Supplies,Binders,318.17,2,0.1,61.07
ORD-1819,2022-08-23,2022-08-24,Same Day,Corporate,West,Technology,Chairs,77.96,4,0.1,2.22
ORD-1820,2022-02-12,2022-02-17,Standard Class,Home Office,Midwest,Furniture,Tables,488.94,1,0.1,110.36
ORD-1821,2022-08-28,2022-09-02,Second Class,Corporate,South,Office Supplies,Chairs,109.73,9,0.0,36.29
ORD-1822,2022-04-21,2022-04-24,Second Class,Corporate,Midwest,Furniture,Accessories,233.73,6,0.4,-36.04
ORD-1823,2022-09-06,2022-09-12,Standard Class,Home Office,South,Furniture,Phones,254.3,8,0.2,29.82
ORD-1824,2022-05-31,2022-06-02,Second Class,Home Office,South,Technology,Binders,410.27,4,0.3,17.02
ORD-1825,2022-07-02,2022-07-06,Standard Class,Corporate,Southeast,Office Supplies,Chairs,67.63,9,0.2,6.4
ORD-1826,2022-12-02,2022-12-05,Standard Class,Home Office,South,Technology,Paper,225.75,2,0.2,22.55
ORD-1827,2022-04-05,2022-04-10,Standard Class,Corporate,South,Technology,Accessories,321.68,9,0.3,15.68
ORD-1828,2022-01-08,2022-01-12,Same Day,Corporate,Midwest,Furniture,Accessories,123.27,5,0.0,27.28
ORD-1829,2022-12-26,2022-12-31,Standard Class,Home Office,South,Technology,Binders,321.18,6,0.3,17.28
ORD-1830,2022-07-03,2022-07-07,Same Day,Consumer,Midwest,Office Supplies,Accessories,463.36,3,0.0,148.74
ORD-1831,2022-10-08,2022-10-10,Standard Class,Home Office,West,Technology,Paper,498.81,4,0.2,40.64
ORD-1832,2022-07-14,2022-07-17,Standard Class,Consumer,South,Technology,Chairs,35.58,6,0.0,3.99
ORD-1833,2022-12-18,2022-12-22,Standard Class,Corporate,South,Technology,Binders,133.08,7,0.4,-18.56
ORD-1834,2022-07-14,2022-07-20,Second Class,Corporate,Midwest,Furniture,Accessories,168.95,1,0.3,-18.34
ORD-1835,2022-06-04,2022-06-05,Same Day,Consumer,West,Office Supplies,Accessories,211.58,7,0.4,-18.55
ORD-1836,2022-04-03,2022-04-09,Same Day,Corporate,Southeast,Furniture,Paper,136.28,1,0.2,4.84
ORD-1837,2022-06-09,2022-06-15,Standard Class,Consumer,West,Furniture,Phones,117.67,5,0.3,2.97
ORD-1838,2022-03-02,2022-03-03,Standard Class,Consumer,Midwest,Furniture,Phones,478.19,6,0.2,34.91
ORD-1839,2022-05-02,2022-05-08,Second Class,Corporate,West,Furniture,Accessories,460.89,2,0.4,-36.86
ORD-1840,2022-02-20,2022-02-24,Second Class,Consumer,Midwest,Furniture,Chairs,42.56,9,0.2,11.63
ORD-1841,2022-10-04,2022-10-08,Second Class,Home Office,Midwest,Office Supplies,Binders,182.63,6,0.3,-7.06
ORD-1842,2022-01-05,2022-01-09,Same Day,Home Office,Southeast,Technology,Accessories,214.47,7,0.3,3.6
ORD-1843,2022-04-02,2022-04-03,Same Day,Corporate,South,Furniture,Tables,134.73,8,0.2,14.3
ORD-1844,2022-06-19,2022-06-25,Same Day,Corporate,Midwest,Furniture,Binders,321.86,1,0.3,14.82
ORD-1845,2022-11-13,2022-11-14,Standard Class,Consumer,Midwest,Office Supplies,Phones,327.38,8,0.3,-10.32
ORD-1846,2022-01-22,2022-01-26,Same Day,Consumer,Southeast,Office Supplies,Accessories,428.24,4,0.2,41.3
ORD-1847,2022-11-22,2022-11-28,First Class,Consumer,Midwest,Technology,Paper,375.62,8,0.4,-43.97
ORD-1848,2022-01-01,2022-01-07,First Class,Consumer,South,Office Supplies,Tables,280.44,6,0.3,0.45
ORD-1849,2022-05-13,2022-05-18,Second Class,Home Office,Southeast,Technology,Accessories,333.72,9,0.3,5.33
ORD-1850,2022-08-21,2022-08-26,Same Day,Home Office,South,Furniture,Chairs,151.51,4,0.3,-6.52
ORD-1851,2022-01-12,2022-01-14,First Class,Corporate,South,Furniture,Tables,304.67,2,0.3,-3.64
ORD-1852,2022-12-12,2022-12-15,Second Class,Consumer,Southeast,Technology,Accessories,254.83,2,0.2,35.14
ORD-1853,2022-02-15,2022-02-20,Same Day,Consumer,Midwest,Office Supplies,Chairs,84.01,5,0.4,5.17
ORD-1854,2022-02-03,2022-02-04,Standard Class,Corporate,South,Technology,Tables,136.42,9,0.4,-8.71
ORD-1855,2022-03-19,2022-03-24,First Class,Consumer,South,Office Supplies,Chairs,160.01,3,0.0,46.62
ORD-1856,2022-08-06,2022-08-08,Standard Class,Consumer,South,Furniture,Chairs,463.67,8,0.3,-2.33
ORD-1857,2022-10-28,2022-11-03,Same Day,Consumer,South,Office Supplies,Tables,130.59,4,0.3,5.48
ORD-1858,2022-03-14,2022-03-16,First Class,Consumer,Southeast,Technology,Tables,158.84,6,0.0,49.93
ORD-1859,2022-10-09,2022-10-15,Same Day,Consumer,Southeast,Technology,Chairs,197.29,6,0.4,-36.22
ORD-1860,2022-09-06,2022-09-12,Standard Class,Corporate,West,Furniture,Phones,338.6,3,0.1,73.44
ORD-1861,2022-02-16,2022-02-19,First Class,Consumer,West,Office Supplies,Tables,76.75,5,0.1,6.74
ORD-1862,2022-05-01,2022-05-06,Standard Class,Corporate,South,Office Supplies,Accessories,477.89,3,0.4,-61.96
ORD-1863,2022-08-02,2022-08-03,Same Day,Consumer,Midwest,Office Supplies,Binders,435.47,1,0.3,-16.68
ORD-1864,2022-08-27,2022-08-28,Same Day,Home Office,South,Furniture,Paper,297.06,7,0.1,57.25
ORD-1865,2022-02-25,2022-03-01,Standard Class,Home Office,Midwest,Office Supplies,Chairs,343.54,4,0.2,24.19
ORD-1866,2022-12-16,2022-12-22,First Class,Home Office,South,Technology,Chairs,28.0,7,0.2,-20.46
ORD-1867,2022-04-17,2022-04-18,Standard Class,Home Office,West,Office Supplies,Paper,182.69,3,0.0,51.22
ORD-1868,2022-11-15,2022-11-18,Same Day,Corporate,West,Furniture,Phones,401.92,5,0.4,-45.1
ORD-1869,2022-02-17,2022-02-23,Standard Class,Corporate,Midwest,Office Supplies,Paper,57.19,5,0.4,-7.22
ORD-1870,2022-03-02,2022-03-05,Same Day,Consumer,South,Office Supplies,Tables,155.51,2,0.1,24.81
ORD-1871,2022-12-03,2022-12-04,Standard Class,Home Office,Midwest,Technology,Paper,300.94,2,0.3,18.29
ORD-1872,2022-01-26,2022-01-27,First Class,Corporate,West,Office Supplies,Chairs,143.08,4,0.4,-9.13
ORD-1873,2022-10-19,2022-10-23,First Class,Consumer,South,Technology,Paper,468.31,4,0.1,88.67
ORD-1874,2022-09-14,2022-09-15,Standard Class,Consumer,South,Technology,Binders,82.91,4,0.1,15.95
ORD-1875,2022-01-08,2022-01-14,Standard Class,Corporate,Midwest,Furniture,Accessories,402.75,6,0.4,-26.13
ORD-1876,2022-04-23,2022-04-29,First Class,Home Office,Southeast,Technology,Tables,263.82,2,0.1,62.33
ORD-1877,2022-12-21,2022-12-27,Same Day,Consumer,Midwest,Technology,Paper,380.16,6,0.0,100.09
ORD-1878,2022-09-10,2022-09-14,First Class,Home Office,West,Furniture,Chairs,169.14,7,0.0,41.0
ORD-1879,2022-06-29,2022-07-03,Same Day,Home Office,West,Technology,Accessories,266.96,3,0.4,-34.51
ORD-1880,2022-07-26,2022-07-27,Standard Class,Home Office,West,Furniture,Tables,431.28,8,0.3,-4.4
ORD-1881,2022-10-30,2022-11-01,Standard Class,Consumer,West,Office Supplies,Chairs,244.1,2,0.0,67.28
ORD-1882,2022-05-07,2022-05-09,Same Day,Home Office,West,Furniture,Phones,192.67,8,0.0,58.14
ORD-1883,2022-02-25,2022-03-01,Standard Class,Consumer,Southeast,Technology,Binders,277.35,5,0.4,-20.38
ORD-1884,2022-08-02,2022-08-03,Same Day,Home Office,South,Furniture,Phones,364.33,2,0.2,45.46
ORD-1885,2022-01-14,2022-01-16,Second Class,Consumer,Midwest,Technology,Binders,232.91,7,0.1,43.31
ORD-1886,2022-01-28,2022-01-29,First Class,Home Office,Midwest,Office Supplies,Paper,470.66,2,0.0,124.85
ORD-1887,2022-03-19,2022-03-20,Second Class,Corporate,West,Furniture,Tables,161.57,6,0.2,5.75
ORD-1888,2022-08-04,2022-08-05,Same Day,Home Office,Midwest,Office Supplies,Paper,248.22,3,0.3,-5.2
ORD-1889,2022-12-31,2023-01-05,First Class,Home Office,West,Technology,Binders,383.33,9,0.2,25.88
ORD-1890,2022-06-03,2022-06-09,Same Day,Consumer,Southeast,Technology,Binders,350.78,3,0.4,-23.67
ORD-1891,2022-01-14,2022-01-15,First Class,Consumer,Southeast,Office Supplies,Binders,434.55,3,0.3,-11.8
ORD-1892,2022-07-06,2022-07-11,First Class,Home Office,South,Furniture,Accessories,498.47,5,0.3,6.17
ORD-1893,2022-11-08,2022-11-12,First Class,Corporate,Southeast,Furniture,Chairs,224.89,7,0.2,5.67
ORD-1894,2022-01-07,2022-01-09,First Class,Corporate,Southeast,Technology,Tables,73.35,8,0.4,-0.76
ORD-1895,2022-01-03,2022-01-09,Same Day,Consumer,South,Office Supplies,Paper,34.6,7,0.0,8.99
ORD-1896,2022-04-21,2022-04-23,First Class,Corporate,Midwest,Office Supplies,Paper,368.9,9,0.2,52.02
ORD-1897,2022-08-26,2022-09-01,First Class,Home Office,West,Furniture,Phones,439.53,5,0.0,120.54
ORD-1898,2022-12-29,2022-12-31,Second Class,Consumer,West,Furniture,Binders,125.94,3,0.2,6.95
ORD-1899,2022-08-27,2022-09-02,Standard Class,Home Office,Midwest,Furniture,Binders,96.06,6,0.0,25.11
ORD-1900,2022-10-01,2022-10-03,Standard Class,Consumer,South,Office Supplies,Binders,49.86,5,0.2,3.46
ORD-1901,2022-10-21,2022-10-23,Second Class,Consumer,Midwest,Furniture,Paper,414.9,4,0.3,-3.46
ORD-1902,2022-08-15,2022-08-17,Second Class,Consumer,Southeast,Furniture,Phones,169.46,2,0.1,30.63
ORD-1903,2022-01-15,2022-01-17,Same Day,Consumer,South,Technology,Chairs,212.81,7,0.3,-3.43
ORD-1904,2022-07-11,2022-07-15,Same Day,Corporate,South,Furniture,Accessories,261.32,5,0.0,57.68
ORD-1905,2022-04-29,2022-04-30,Same Day,Home Office,South,Furniture,Tables,422.94,4,0.4,-32.36
ORD-1906,2022-01-28,2022-01-31,Second Class,Home Office,West,Office Supplies,Chairs,332.4,8,0.3,28.61
ORD-1907,2022-07-21,2022-07-26,Second Class,Home Office,Midwest,Office Supplies,Paper,315.23,9,0.1,66.03
ORD-1908,2022-02-08,2022-02-11,First Class,Consumer,South,Technology,Accessories,104.32,9,0.0,19.94
ORD-1909,2022-09-30,2022-10-03,Same Day,Corporate,South,Furniture,Accessories,266.33,3,0.3,-10.35
ORD-1910,2022-08-19,2022-08-25,Same Day,Home Office,South,Technology,Accessories,363.38,3,0.2,42.47
ORD-1911,2022-03-27,2022-03-28,Same Day,Corporate,Midwest,Office Supplies,Binders,487.17,5,0.4,-44.86
ORD-1912,2022-05-06,2022-05-12,Standard Class,Consumer,West,Technology,Tables,116.68,5,0.0,32.16
ORD-1913,2022-10-27,2022-10-28,First Class,Home Office,Southeast,Office Supplies,Paper,24.58,2,0.3,7.53
ORD-1914,2022-01-25,2022-01-26,Same Day,Corporate,West,Technology,Paper,56.14,1,0.0,-3.8
ORD-1915,2022-05-25,2022-05-27,Same Day,Consumer,South,Technology,Accessories,200.41,8,0.2,27.58
ORD-1916,2022-01-13,2022-01-17,Same Day,Corporate,West,Furniture,Paper,413.86,3,0.1,85.15
ORD-1917,2022-07-31,2022-08-02,Standard Class,Home Office,West,Technology,Tables,23.43,1,0.3,-9.96
ORD-1918,2022-01-25,2022-01-29,Standard Class,Home Office,Southeast,Furniture,Tables,239.23,1,0.0,57.44
ORD-1919,2022-03-09,2022-03-15,Second Class,Consumer,Midwest,Furniture,Phones,178.03,2,0.0,54.62
ORD-1920,2022-03-08,2022-03-12,First Class,Consumer,Midwest,Furniture,Phones,45.19,6,0.0,27.63
ORD-1921,2022-08-21,2022-08-27,Second Class,Consumer,West,Furniture,Chairs,236.11,6,0.1,44.94
ORD-1922,2022-04-19,2022-04-22,First Class,Corporate,West,Technology,Tables,142.28,3,0.0,34.16
ORD-1923,2022-05-26,2022-05-29,Standard Class,Corporate,Midwest,Office Supplies,Tables,188.9,4,0.4,-16.98
ORD-1924,2022-04-21,2022-04-25,Same Day,Corporate,Midwest,Office Supplies,Tables,358.7,2,0.4,-17.66
ORD-1925,2022-08-16,2022-08-20,Second Class,Consumer,Southeast,Office Supplies,Phones,270.34,2,0.0,85.41
ORD-1926,2022-04-21,2022-04-27,Same Day,Home Office,South,Technology,Accessories,79.83,7,0.4,-2.59
ORD-1927,2022-02-03,2022-02-05,Second Class,Home Office,West,Furniture,Accessories,481.48,1,0.3,12.23
ORD-1928,2022-04-21,2022-04-27,Standard Class,Corporate,Midwest,Office Supplies,Paper,325.24,7,0.4,-27.8
ORD-1929,2022-09-21,2022-09-23,Standard Class,Corporate,West,Technology,Accessories,387.62,1,0.0,108.48
ORD-1930,2022-08-24,2022-08-27,Standard Class,Home Office,West,Furniture,Binders,58.02,6,0.2,-11.64
ORD-1931,2022-03-24,2022-03-25,Second Class,Home Office,Midwest,Office Supplies,Phones,42.59,3,0.3,-9.22
ORD-1932,2022-02-11,2022-02-15,First Class,Corporate,Southeast,Furniture,Tables,29.34,8,0.1,-5.18
ORD-1933,2022-04-11,2022-04-13,Second Class,Corporate,West,Office Supplies,Accessories,110.62,6,0.0,39.78
ORD-1934,2022-01-06,2022-01-12,First Class,Home Office,Southeast,Office Supplies,Phones,218.92,2,0.1,51.77
ORD-1935,2022-06-29,2022-07-02,Second Class,Consumer,Midwest,Office Supplies,Accessories,469.2,8,0.2,48.68
ORD-1936,2022-10-09,2022-10-11,Second Class,Corporate,South,Furniture,Chairs,239.39,5,0.1,35.19
ORD-1937,2022-11-16,2022-11-22,Standard Class,Home Office,South,Technology,Tables,159.32,8,0.0,65.66
ORD-1938,2022-08-14,2022-08-18,Same Day,Home Office,West,Furniture,Chairs,289.73,8,0.0,82.76
ORD-1939,2022-11-11,2022-11-15,Same Day,Home Office,Midwest,Office Supplies,Tables,73.73,6,0.2,13.41
ORD-1940,2022-12-31,2023-01-05,First Class,Home Office,Southeast,Furniture,Phones,312.56,2,0.0,94.26
ORD-1941,2022-08-17,2022-08-18,Same Day,Consumer,West,Technology,Paper,292.85,8,0.2,31.37
ORD-1942,2022-10-16,2022-10-21,Second Class,Home Office,Midwest,Furniture,Accessories,400.16,6,0.2,45.7
ORD-1943,2022-05-30,2022-06-02,Second Class,Corporate,Midwest,Technology,Accessories,493.61,6,0.0,141.12
ORD-1944,2022-10-04,2022-10-06,Standard Class,Consumer,Southeast,Technology,Binders,140.42,8,0.4,-0.99
ORD-1945,2022-07-17,2022-07-20,Standard Class,Home Office,West,Furniture,Chairs,264.64,1,0.2,10.67
ORD-1946,2022-03-11,2022-03-17,Same Day,Consumer,Midwest,Office Supplies,Accessories,456.26,2,0.0,126.49
ORD-1947,2022-04-22,2022-04-26,First Class,Corporate,Midwest,Technology,Phones,396.89,9,0.4,-26.76
ORD-1948,2022-01-04,2022-01-09,Same Day,Home Office,Midwest,Furniture,Paper,253.96,8,0.2,31.3
ORD-1949,2022-12-16,2022-12-21,Same Day,Corporate,Southeast,Technology,Phones,473.78,7,0.4,-21.97
ORD-1950,2022-11-27,2022-12-02,Same Day,Home Office,West,Office Supplies,Chairs,47.47,7,0.3,0.68
ORD-1951,2022-11-14,2022-11-17,Same Day,Home Office,West,Furniture,Binders,466.88,5,0.3,17.0
ORD-1952,2022-12-16,2022-12-20,Second Class,Home Office,West,Furniture,Accessories,44.24,2,0.4,-23.0
ORD-1953,2022-04-05,2022-04-07,First Class,Home Office,West,Furniture,Phones,282.71,6,0.2,14.14
ORD-1954,2022-06-01,2022-06-07,Second Class,Home Office,South,Office Supplies,Tables,447.41,3,0.0,143.18
ORD-1955,2022-11-07,2022-11-09,First Class,Consumer,South,Technology,Paper,146.11,4,0.1,11.82
ORD-1956,2022-05-17,2022-05-20,Standard Class,Home Office,West,Furniture,Phones,246.68,2,0.0,72.03
ORD-1957,2022-09-04,2022-09-10,Same Day,Home Office,Southeast,Technology,Paper,175.68,2,0.1,46.81
ORD-1958,2022-08-31,2022-09-05,Second Class,Consumer,South,Technology,Accessories,477.03,8,0.1,100.42
ORD-1959,2022-01-31,2022-02-01,First Class,Consumer,Midwest,Office Supplies,Tables,415.35,8,0.2,41.65
ORD-1960,2022-02-09,2022-02-12,Standard Class,Consumer,South,Furniture,Binders,360.32,6,0.4,-40.52
ORD-1961,2022-08-17,2022-08-20,Standard Class,Consumer,Midwest,Technology,Binders,302.06,5,0.0,92.64
ORD-1962,2022-02-05,2022-02-09,Same Day,Consumer,West,Furniture,Tables,413.88,8,0.4,-35.62
ORD-1963,2022-08-11,2022-08-13,First Class,Consumer,South,Furniture,Paper,208.29,4,0.3,-6.61
ORD-1964,2022-01-06,2022-01-09,Second Class,Home Office,Southeast,Office Supplies,Accessories,234.82,4,0.2,27.2
ORD-1965,2022-11-18,2022-11-21,Same Day,Home Office,South,Furniture,Phones,370.4,5,0.2,47.82
ORD-1966,2022-08-08,2022-08-13,Second Class,Corporate,South,Furniture,Tables,191.72,1,0.3,-2.22
ORD-1967,2022-03-16,2022-03-21,Standard Class,Home Office,South,Technology,Chairs,50.67,1,0.0,15.88
ORD-1968,2022-01-04,2022-01-10,Second Class,Home Office,West,Office Supplies,Paper,55.68,2,0.3,4.84
ORD-1969,2022-12-01,2022-12-02,Second Class,Consumer,Southeast,Furniture,Binders,75.37,8,0.0,28.12
ORD-1970,2022-05-14,2022-05-18,Same Day,Consumer,South,Technology,Tables,437.45,7,0.1,96.27
ORD-1971,2022-04-28,2022-04-29,Second Class,Home Office,Southeast,Office Supplies,Binders,246.67,9,0.2,14.52
ORD-1972,2022-04-04,2022-04-10,Same Day,Corporate,West,Office Supplies,Paper,362.18,5,0.0,103.36
ORD-1973,2022-03-03,2022-03-08,Standard Class,Consumer,Midwest,Technology,Binders,208.6,2,0.4,-25.78
ORD-1974,2022-07-13,2022-07-15,Same Day,Home Office,South,Technology,Tables,144.18,7,0.4,-23.46
ORD-1975,2022-12-01,2022-12-06,Same Day,Home Office,Southeast,Technology,Paper,186.65,8,0.2,0.68
ORD-1976,2022-07-22,2022-07-26,First Class,Corporate,Southeast,Technology,Chairs,401.21,7,0.3,-32.54
ORD-1977,2022-01-26,2022-01-31,Second Class,Corporate,West,Technology,Tables,320.1,7,0.3,11.95
ORD-1978,2022-06-22,2022-06-26,Standard Class,Consumer,South,Furniture,Phones,470.07,5,0.0,125.48
ORD-1979,2022-10-27,2022-10-31,Same Day,Corporate,Midwest,Furniture,Accessories,346.26,2,0.3,15.67
ORD-1980,2022-05-13,2022-05-17,Standard Class,Home Office,Southeast,Office Supplies,Tables,293.69,6,0.2,36.76
ORD-1981,2022-11-22,2022-11-28,First Class,Home Office,South,Furniture,Paper,312.89,4,0.0,89.81
ORD-1982,2022-04-28,2022-05-02,Second Class,Corporate,Midwest,Furniture,Accessories,472.34,2,0.1,100.63
ORD-1983,2022-11-20,2022-11-24,Same Day,Corporate,Southeast,Furniture,Tables,398.34,9,0.3,4.25
ORD-1984,2022-10-02,2022-10-04,Second Class,Corporate,Southeast,Technology,Chairs,31.54,7,0.3,-11.02
ORD-1985,2022-07-31,2022-08-01,First Class,Corporate,Midwest,Office Supplies,Chairs,276.39,6,0.0,82.77
ORD-1986,2022-08-13,2022-08-16,First Class,Consumer,Midwest,Office Supplies,Phones,350.4,5,0.4,-44.84
ORD-1987,2022-01-20,2022-01-21,Standard Class,Corporate,West,Office Supplies,Binders,379.38,3,0.3,6.54
ORD-1988,2022-04-23,2022-04-27,Same Day,Consumer,South,Office Supplies,Accessories,122.31,4,0.2,5.08
ORD-1989,2022-05-20,2022-05-22,Standard Class,Home Office,South,Furniture,Paper,436.25,3,0.3,-0.97
ORD-1990,2022-02-16,2022-02-21,First Class,Corporate,West,Furniture,Paper,478.8,8,0.1,94.36
ORD-1991,2022-01-01,2022-01-03,Second Class,Consumer,Southeast,Technology,Binders,133.62,3,0.3,1.22
ORD-1992,2022-03-31,2022-04-04,Standard Class,Corporate,Midwest,Office Supplies,Chairs,443.66,7,0.4,-27.74
ORD-1993,2022-05-22,2022-05-24,Standard Class,Home Office,Midwest,Furniture,Chairs,66.55,7,0.3,-2.41
ORD-1994,2022-11-16,2022-11-18,Second Class,Home Office,Midwest,Furniture,Tables,46.74,7,0.0,26.2
ORD-1995,2022-02-07,2022-02-11,Standard Class,Home Office,Southeast,Technology,Phones,82.03,7,0.3,4.8
ORD-1996,2022-10-20,2022-10-26,Second Class,Corporate,Midwest,Technology,Accessories,47.72,2,0.4,9.41
ORD-1997,2022-05-19,2022-05-21,Same Day,Corporate,Midwest,Technology,Phones,425.61,3,0.0,124.3
ORD-1998,2022-12-22,2022-12-25,Second Class,Consumer,West,Furniture,Phones,48.34,9,0.2,11.8
ORD-1999,2022-11-29,2022-12-02,Same Day,Home Office,Southeast,Furniture,Tables,150.4,3,0.0,44.53
